symbol,date,close,daily_return_pct,7d_ma,30d_ma,90d_ma,30d_volatility,month_to_date_return,yearly_change_pct,high_30d_flag,drawdown_pct,volatility_flag
"SPY","2005-01-03",82.3166732788086,0,82.3166732788086,82.3166732788086,82.3166732788086,0,0,0,true,0,false
"SPY","2005-01-04",81.3108139038086,-1.221938806483505,81.8137435913086,81.8137435913086,81.8137435913086,0.7112499849825624,-1.221938806483505,-1.2219388484954834,false,1.221938806483505,false
"SPY","2005-01-05",80.74972534179688,-0.6900540470244111,81.45907084147136,81.45907084147136,81.45907084147136,0.793924775403928,-1.9035608153216148,-1.903560757637024,false,1.9035608153216148,false
"SPY","2005-01-06",81.16031646728516,0.5084737115207935,81.3843822479248,81.3843822479248,81.3843822479248,0.665225207497906,-1.4047662101295428,-1.4047662019729614,false,1.4047662101295428,false
"SPY","2005-01-07",81.0439682006836,-0.14335610266929064,81.31629943847656,81.31629943847656,81.31629943847656,0.5958773172640509,-1.5461084947083765,-1.5461084842681885,false,1.5461084947083765,false
"SPY","2005-01-10",81.42713928222656,0.4727940771534639,81.13839263916016,81.33477274576823,81.33477274576823,0.5348863433268752,-1.0806243269442604,-1.0806243419647217,false,1.0806243269442604,false
"SPY","2005-01-11",80.86603546142578,-0.689086987148099,81.0494369506836,81.26781027657645,81.26781027657645,0.5194297894741401,-1.76226487247543,-1.7622648477554321,false,1.76226487247543,false
"SPY","2005-01-12",81.13290405273438,0.3300131999619219,81.12607269287109,81.25094699859619,81.25094699859619,0.4832580743891714,-1.438067379210969,-1.4380674362182617,false,1.438067379210969,false
"SPY","2005-01-13",80.48287200927734,-0.8011941037319785,80.99058380126954,81.16560533311632,81.16560533311632,0.5195140705086282,-2.2277397718930163,-2.2277398109436035,false,2.2277397718930163,false
"SPY","2005-01-14",80.90706634521484,0.5270616285768265,80.96320343017578,81.13975143432617,81.13975143432617,0.4965790888211685,-1.7124197048383827,-1.7124197483062744,false,1.7124197048383827,false
"SPY","2005-01-18",81.74871826171875,1.0402699721094075,81.02751922607422,81.19511205499822,81.19511205499822,0.5056129882055641,-0.6899635207148935,-0.6899635195732117,false,0.6899635207148935,false
"SPY","2005-01-19",80.89344787597656,-1.0462187101258724,81.03300170898437,81.16997337341309,81.16997337341309,0.48988521620183856,-1.7289637033940035,-1.7289637327194214,false,1.7289637033940035,false
"SPY","2005-01-20",80.4007568359375,-0.6090617385903019,80.886572265625,81.11080287053035,81.11080287053035,0.5152703115648883,-2.3274949855928186,-2.3274950981140137,false,2.3274949855928186,false
"SPY","2005-01-21",79.90809631347656,-0.6127560757496854,80.77161712646485,81.02489525931222,81.02489525931222,0.5902557035745299,-2.9259891944055147,-2.9259891510009766,false,2.9259891944055147,false
"SPY","2005-01-24",79.75069427490234,-0.19697883673355984,80.54034271240235,80.93994852701823,80.93994852701823,0.6570807887700348,-3.117204451660985,-3.117204427719116,false,3.117204451660985,false
"SPY","2005-01-25",79.97650909423828,0.2831509134673474,80.18590087890625,80.87973356246948,80.87973356246948,0.6789587297685947,-2.8428799310731607,-2.8428800106048584,false,2.8428799310731607,false
"SPY","2005-01-26",80.21600341796875,0.2994558357733103,80.05041198730468,80.84069061279297,80.84069061279297,0.6768215271132778,-2.551937265157477,-2.5519373416900635,false,2.551937265157477,false
"SPY","2005-01-27",80.35284423828125,0.17059042395753043,80.04082946777343,80.81358803643121,80.81358803643121,0.6666055480844906,-2.385700201799709,-2.385700225830078,false,2.385700201799709,false
"SPY","2005-01-28",80.35284423828125,0,80.12977905273438,80.78933836284436,80.78933836284436,0.6563908991747883,-2.385700201799709,-2.385700225830078,false,2.385700201799709,false
"SPY","2005-01-31",80.85237121582031,0.6216668274463901,80.35011444091796,80.79249000549316,80.79249000549316,0.6390394398864488,-1.7788644811102292,-1.7788645029067993,false,1.7788644811102292,false
"SPY","2005-02-01",81.36553955078125,0.6346979405107742,80.62792053222657,80.8197780790783,80.8197780790783,0.6352875361626596,0,-1.1554569005966187,false,1.1554569568255395,false
"SPY","2005-02-02",81.61188507080078,0.30276394820166336,80.90709686279297,80.78621673583984,80.85578294233842,0.5672252498114491,0.30276394820166336,-0.8561913371086121,false,0.8561913157261318,false
"SPY","2005-02-03",81.3997573852539,-0.2599225411382764,81.1164794921875,80.7904521397182,80.87943400507388,0.5716529939023087,0.04205445531557063,-1.1138883829116821,false,1.1138884226395676,false
"SPY","2005-02-04",82.2688217163086,1.0676497805042895,81.49967498779297,80.86279006231399,80.93732515970866,0.6561163222216627,1.110153230119729,-0.05813106894493103,true,0.058131069434652176,false
"SPY","2005-02-07",82.1593017578125,-0.13312450113088592,81.76106109619141,80.91036079043434,80.98620422363281,0.7125542338296542,0.9755508430394578,-0.19117818772792816,false,0.19117818386935118,false
"SPY","2005-02-08",82.25508117675781,0.11657769345173977,81.93896942138672,80.96803283691406,81.03500718336839,0.7705597100953032,1.093265811162462,-0.07482336461544037,false,0.07482336153474921,false
"SPY","2005-02-09",81.63928985595703,-0.7486362082331525,81.94445037841797,80.97813524518695,81.05738802309389,0.7782322713116938,0.3364450192147134,-0.8228994011878967,false,0.8228994149912354,false
"SPY","2005-02-10",81.93350219726562,0.36038081887740203,82.05119934082032,81.02896699451264,81.0886778150286,0.8049474458712818,0.6980383214074337,-0.4654841721057892,false,0.4654841677641161,false
"SPY","2005-02-11",82.63825988769531,0.8601581423102007,82.12508697509766,81.10065060570126,81.14211167960332,0.8783484267048215,1.564200697175666,0.3906700611114502,true,0,false
"SPY","2005-02-14",82.57669067382812,-0.0745044897494932,82.20856475830078,81.20035625639416,81.1899309794108,0.9224477630205241,1.4885308076780839,0.31587451696395874,false,0.0745044897494932,false
"SPY","2005-02-15",82.88460540771484,0.3728833540968109,82.33446960449218,81.29452478317987,81.24459789645287,0.9895112885050592,1.8669646453773292,0.6899357438087463,true,0,false
"SPY","2005-02-16",82.93939208984375,0.06609994927213195,82.59449005126953,81.35122353690011,81.29756021499634,1.049152963585903,1.9342986573329843,0.7564917206764221,true,0,false
"SPY","2005-02-17",82.2688217163086,-0.8085064968992824,82.66155395507812,81.41671752929688,81.32699238170277,1.0619978333146447,1.110153230119729,-0.05813106894493103,false,0.8085064968992824,false
"SPY","2005-02-18",82.37825012207031,0.1330132162814557,82.60955200195312,81.51088387625558,81.3579117270077,1.0550578997600992,1.2446430969182196,0.07480482757091522,false,0.676568701113197,false
"SPY","2005-02-22",81.15341186523438,-1.4868466555443205,82.32489624023438,81.57018461681548,81.35206887381418,0.9936788608433375,-0.26070949288609274,-1.4131540060043335,false,2.1533558175525562,false
"SPY","2005-02-23",81.73506164550781,0.71672868324913,82.09498748779296,81.66467830113002,81.36270756191678,0.9021386455565292,0.45415061064756923,-0.7065538763999939,false,1.4520608531002392,false
"SPY","2005-02-24",82.27559661865234,0.6613257055936156,81.96222839355468,81.77415865943546,81.38738023912585,0.8230639012181781,1.1184797309715075,-0.04990077763795853,false,0.8003379991890375,false
"SPY","2005-02-25",83.0898666381836,0.9896859494138878,82.12643737792969,81.9110092889695,81.43218251278526,0.7892602057534599,2.1192351171298625,0.9392912983894348,true,0,false
"SPY","2005-02-28",82.54247283935547,-0.658797301013566,82.15928192138672,82.01527731759208,81.46065149551782,0.7141846077993464,1.4464763523625133,0.27430596947669983,false,0.658797301013566,false
"SPY","2005-03-01",82.95306396484375,0.4974301245946139,82.51921234130859,82.13909730457124,81.49796180725097,0.6322576199715141,0,0.7731006145477295,false,0.16464423265420994,false
"SPY","2005-03-02",82.91199493408203,-0.049508756878617735,82.75459899902344,82.23717462448846,81.53245042010052,0.5802886481806668,-0.049508756878617735,0.7232090830802917,false,0.21407147621996822,false
"SPY","2005-03-03",82.94624328613281,0.041306872519482736,82.88872833251953,82.31244623093377,81.56611215500604,0.5638593290831745,-0.00822233487822483,0.7648146748542786,false,0.17285302993226825,false
"SPY","2005-03-04",83.97942352294922,1.245602206783892,83.06663970947265,82.42518615722656,81.62223567519077,0.647296612933371,1.237277454320975,2.0199434757232666,true,0,false
"SPY","2005-03-07",84.02049255371094,0.0489036826389928,83.36224365234375,82.54998307001023,81.67674151333895,0.6908797571331763,1.2867862111995927,2.0698349475860596,true,0,false
"SPY","2005-03-08",83.70569610595703,-0.3746662726984961,83.51277008056641,82.61840565999348,81.72182939317491,0.7315942531126624,0.9072987845659969,1.6874136924743652,false,0.3746662726984961,false
"SPY","2005-03-09",82.7751235961914,-1.1117194564485553,83.48539581298829,82.64773050944011,81.74472709324048,0.7245801632525296,-0.2145072889986999,0.5569349527359009,false,1.4822204912967116,false
"SPY","2005-03-10",82.95987701416016,0.2231992051984695,83.48812255859374,82.68129221598308,81.77058134687708,0.7218010823788961,0.008213137635631737,0.7813771963119507,false,1.2623295904541052,false
"SPY","2005-03-11",82.37825012207031,-0.7010942072522212,83.16788787841797,82.7164808000837,81.78324111302693,0.6855654118090734,-0.6929386514487864,0.07480482757091522,false,1.954573678071222,false
"SPY","2005-03-14",82.89142608642578,0.6229507953798858,82.94207458496093,82.76209622337704,81.80585713289221,0.6623387703597909,-0.07430452290959552,0.6982216238975525,false,1.3437989149651668,false
"SPY","2005-03-15",82.20719146728516,-0.825458857985162,82.64237365722656,82.74156915573846,81.81388381958008,0.672963157019391,-0.8991500276285167,-0.13300077617168427,false,2.15816526577324,false
"SPY","2005-03-16",81.50924682617188,-0.8490067944858967,82.38919830322266,82.69073849632626,81.80791054519952,0.7243881124645686,-1.7405229772872255,-0.9808783531188965,false,2.9888490905164877,false
"SPY","2005-03-17",81.67351531982422,0.20153356833570768,82.13192596435547,82.63306753976005,81.80532602163461,0.7557141204590736,-1.5424971470153477,-0.7813215851783752,false,2.7933390564050673,false
"SPY","2005-03-18",81.43099212646484,-0.2969422736485404,81.94247436523438,82.56123897007534,81.79826311795216,0.795766328598023,-1.8348590945645769,-1.0759438276290894,false,3.0819867255488056,false
"SPY","2005-03-21",81.12872314453125,-0.37119648679235134,81.58993377685547,82.50694856189546,81.78586422955549,0.8535097632105435,-2.1992446488603146,-1.4431464672088623,false,3.441742985892513,false
"SPY","2005-03-22",80.30439758300781,-1.016071163914286,81.209375,82.40819367908296,81.75892847234553,0.979781679243755,-3.192969922073603,-2.444554090499878,false,4.422843591791103,false
"SPY","2005-03-23",80.37305450439453,0.08549584263520628,80.98213653564453,82.37103380475726,81.73418072291783,1.042539180514631,-3.110203935978362,-2.3611483573913574,false,4.341129096553136,false
"SPY","2005-03-24",80.46923828125,0.11967167037332112,80.74128112792968,82.31075650169736,81.71198875025699,1.1152090401693122,-2.994254298607243,-2.244302272796631,false,4.226652527882722,false
"SPY","2005-03-28",80.58602142333984,0.14512768429803216,80.5722869873047,82.2303005400158,81.69257552048256,1.1771015789105936,-2.853472106234774,-2.1024317741394043,false,4.08765888652173,false
"SPY","2005-03-29",80.0501937866211,-0.6649138737150264,80.35658111572266,82.08555421375092,81.66473854194253,1.2507076525360146,-3.499412848032857,-2.753366231918335,false,4.725393349190129,false
"SPY","2005-03-30",81.1836929321289,1.4159855109523243,80.53244018554688,82.0208504086449,81.6567211151123,1.2609927349673398,-2.132978515977082,-1.3763680458068848,false,3.376318723397841,false
"SPY","2005-03-31",81.03257751464844,-0.18614011265390956,80.66434478759766,81.92939867292132,81.64648925280962,1.259644452457755,-2.315148300018468,-1.5599461793899536,false,3.556174152576463,false
"SPY","2005-04-01",80.66846466064453,-0.44934132070287996,80.70419006347656,81.82256389799572,81.63071466261341,1.2672579660672731,0,-2.0022780895233154,false,3.9895361133756615,false
"SPY","2005-04-04",80.80583953857422,0.17029563969959643,80.74815368652344,81.72063991001674,81.6063463764806,1.2584071205516143,0.17029563969959643,-1.8353921175003052,false,3.8260344797213843,false
"SPY","2005-04-05",81.19056701660156,0.4761134594037436,80.97622833251953,81.58783721923828,81.6044069105579,1.150657982094232,0.6472198995647275,-1.3680171966552734,false,3.3681372854370224,false
"SPY","2005-04-06",81.4721908569336,0.34686768510244026,81.03392791748047,81.46648951939174,81.61605958015689,1.0066431192458545,0.9963325813503103,-1.0258947610855103,false,3.0329525801676493,false
"SPY","2005-04-07",81.91183471679688,0.5396244476048306,81.20977935791015,81.38106754847935,81.62818084224578,0.8745758521314574,1.5413334831435594,-0.4918062686920166,false,2.509694686169665,false
"SPY","2005-04-08",81.06002807617188,-1.0399066796270016,81.28809204101563,81.29939633324032,81.62843987249559,0.8160042452669962,0.4853983736700205,-1.526598572731018,false,3.5235028831169446,false
"SPY","2005-04-11",81.12181854248047,0.07622803467392021,81.35128784179688,81.21186973935082,81.62351534443516,0.722174402362149,0.5619964179845285,-1.4515342712402344,false,3.449960745442503,false
"SPY","2005-04-12",81.5408706665039,0.5165714126637775,81.42134857177734,81.17199452718098,81.63439978322675,0.6762072566144159,1.0814709434838083,-0.9424610733985901,false,2.9512108437378037,false
"SPY","2005-04-13",80.57919311523438,-1.1793810188791347,81.2427490234375,81.0618881952195,81.62546896165416,0.5606024533455246,-0.11066473842746741,-2.110726833343506,false,4.095785842098792,false
"SPY","2005-04-14",79.52815246582031,-1.304357376613333,80.7660125732422,80.93431490943546,81.61007025934035,0.5909464488602684,-1.4135786513618118,-3.3875527381896973,false,5.346719533950425,false
"SPY","2005-04-15",78.41527557373047,-1.399349610904311,80.2370620727539,80.78698294503349,81.56988008560673,0.7919446228093439,-2.793147354908465,-4.739498615264893,false,6.671249845860256,false
"SPY","2005-04-18",78.65569305419922,0.30659521210595747,79.74383697509765,80.64327712286087,81.51999258225963,0.8906824358125739,-2.495115798859721,-4.447434425354004,false,6.385108366369332,false
"SPY","2005-04-19",79.28079223632812,0.7947284651069944,79.2918212890625,80.54088665190197,81.4939820074266,0.9187495357555566,-1.7202167292436465,-3.688051223754883,false,5.641124174977803,false
"SPY","2005-04-20",78.1748275756836,-1.3949969840711998,78.81094818115234,80.40022495814732,81.45807992258379,1.0420939987645348,-3.0912167418224095,-5.031599998474121,false,6.957427646940351,false
"SPY","2005-04-21",79.69298553466797,1.9420035912642044,78.84391479492187,80.37111009870257,81.45461039389333,1.0533850574616201,-1.2092446906981564,-3.187310218811035,false,5.150537550439337,false
"SPY","2005-04-22",79.3907241821289,-0.3792822549075829,79.03900451660157,80.32433246430897,81.44880442465505,1.074886116332833,-1.583940495075509,-3.5545036792755127,false,5.510284730385751,false
"SPY","2005-04-25",79.9128189086914,0.6576268599903075,79.2904296875,80.29783630371094,81.44777716359785,1.077989007256577,-0.9367300532270816,-2.9202520847320557,false,4.8888949828444055,false
"SPY","2005-04-26",79.1365737915039,-0.9713649546944898,79.26158599853515,80.22881498790923,81.43036700833228,1.1046864526114974,-1.8989959404644325,-3.863250732421875,false,5.812770925003727,false
"SPY","2005-04-27",79.44567108154297,0.3905871523493315,79.51575469970703,80.20002819242931,81.4157351832236,1.117377504353879,-1.5158260222821904,-3.487752914428711,false,5.444887709082958,false
"SPY","2005-04-28",78.44959259033203,-1.253785735145422,79.26707611083984,80.06983293805804,81.38503757599861,1.1556623930068566,-2.7506065469906162,-4.69780969619751,false,6.630406218837211,false
"SPY","2005-04-29",79.51436614990234,1.3572709869006165,79.29180450439453,79.99753715878441,81.36345684912897,1.1398029937555003,-1.4306687447160922,-3.4043006896972656,false,5.363127811858527,false
"SPY","2005-05-02",79.96089935302734,0.5615755048379373,79.30142059326172,79.9638435727074,81.34080136206842,1.1293886730205231,0,-2.8618428707122803,false,4.831670319105138,false
"SPY","2005-05-03",80.09831237792969,0.17185027433929337,79.49376831054687,79.9301518031529,81.31638889928018,1.1134554842007172,0.17185027433929337,-2.694910764694214,false,4.668123283464396,false
"SPY","2005-05-04",80.71653747558594,0.7718328630187169,79.74794158935546,79.90757896786644,81.3053692233178,1.0912084592482312,0.9450095342505488,-1.943878173828125,false,3.9323205300336865,false
"SPY","2005-05-05",80.68907165527344,-0.03402750064794032,80.19583740234376,79.8702875773112,81.27988938362368,1.04757421894007,0.9106604704772182,-1.9772441387176514,false,3.9650099602877904,false
"SPY","2005-05-06",80.43486022949219,-0.315050626517694,80.37993621826172,79.79995545886811,81.25207581058625,0.9485563688054597,0.5927408024418368,-2.2860655784606934,false,4.267568798084109,false
"SPY","2005-05-09",80.93637084960938,0.6234990881892575,80.57503051757813,79.79406701950799,81.23080628918063,0.940694224692133,1.2199356241296448,-1.6768200397491455,false,3.670677962438755,false
"SPY","2005-05-10",80.09831237792969,-1.0354534838693379,80.57503051757813,79.74532863071987,81.20595181372857,0.8938084128428538,0.17185027433929337,-2.694910764694214,false,4.668123283464396,false
"SPY","2005-05-11",80.53791809082031,0.5488326780424828,80.539306640625,79.69756898425874,81.18344239265689,0.8165229870290278,0.7216261228446559,-2.1608686447143555,false,4.144910791452876,false
"SPY","2005-05-12",79.65176391601562,-1.1002943654508137,80.33184509277343,79.65340568905785,81.13527310279107,0.7911407723468451,-0.3866082541754388,-3.237387180328369,false,5.199598937012372,false
"SPY","2005-05-13",79.49375915527344,-0.19836944340465182,80.14362487792968,79.65176791236514,81.0855484008789,0.7914485691012016,-0.5842107849381264,-3.4293346405029297,false,5.387653964946398,false
"SPY","2005-05-16",80.23567962646484,0.9333065627733481,80.00348663330078,79.73845381963821,81.0428237915039,0.7477316684510729,0.34364330023896456,-2.528034210205078,false,4.5046307302074124,false
"SPY","2005-05-17",80.7715072631836,0.6678171596642315,80.13812561035157,79.8392068772089,81.00785790720293,0.737011083747487,1.0137553688302283,-1.877099633216858,false,3.866896267539014,false
"SPY","2005-05-18",81.60271453857422,1.0290847646091867,80.35108489990235,79.94977460588727,80.99711424304593,0.8186913165763503,2.0532725354904544,-0.867331862449646,true,2.877605143282313,false
"SPY","2005-05-19",81.94619750976562,0.4209210111865081,80.80997161865234,80.12936365036737,80.99014565252489,0.8235010675466247,2.482836202195764,-0.4500616490840912,true,2.468796576762864,false
"SPY","2005-05-20",81.82938385009766,-0.1425492130419449,81.27709655761718,80.23109690348308,81.0010484264743,0.895694708984558,2.3367477256864686,-0.5919693112373352,false,2.607826539713027,false
"SPY","2005-05-23",82.28280639648438,0.5541072473640257,81.6865219116211,80.36881510416667,81.00988301923198,0.9785288296249626,2.903803061551137,-0.041142191737890244,true,2.0681694482042334,false
"SPY","2005-05-24",82.09046936035156,-0.23375118637303832,81.95031433105468,80.47251274472191,81.006897095711,1.041170424135845,2.663264201071786,-0.2747972011566162,false,2.2970862639558898,false
"SPY","2005-05-25",82.02863311767578,-0.0753269449640243,82.035498046875,80.61022985549201,80.98978042602539,1.046881290207372,2.585931100548774,-0.34991714358329773,false,2.3706828840140877,false
"SPY","2005-05-26",82.46825408935547,0.5359359957260541,82.13990936279296,80.75416237967355,80.9885833494125,1.0858226749682611,3.135726031867344,0.18414351344108582,true,1.8474522312079815,false
"SPY","2005-05-27",82.60564422607422,0.1665976056312359,82.29516143798828,80.95206960042317,80.98297980523878,1.0216322262582647,3.307547681986826,0.35104790329933167,true,1.683932436759119,false
"SPY","2005-05-31",82.07670593261719,-0.6403173759040469,82.25394134521484,81.07408578055245,80.96950740198935,0.9939772852072672,2.646051503558706,-0.29151731729507446,false,2.3134673006721127,false
"SPY","2005-06-01",82.77738952636719,0.8536936098839575,82.39132537841797,81.2082043602353,80.9667839542512,1.0257712424439762,0,0.559687614440918,true,1.479523613300748,false
"SPY","2005-06-02",82.95602416992188,0.21580125270534992,82.5768035888672,81.3442858741397,80.95027751307333,1.0601477482948107,0.21580125270534992,0.7766966819763184,true,1.2669151910869725,false
"SPY","2005-06-03",82.53695678710938,-0.5051681140770546,82.59054412841797,81.43097250802177,80.92634951683783,1.0804826420789424,-0.29045702049015104,0.2676049768924713,false,1.7656832535862574,false
"SPY","2005-06-06",82.46141815185547,-0.09152098428919041,82.56169891357422,81.51536996023995,80.90628051757812,1.0888221759659895,-0.38171217565525184,0.17583906650543213,false,1.8555882671823363,false
"SPY","2005-06-07",82.52324676513672,0.07497883818513833,82.65100708007813,81.61481693812779,80.90221798804498,1.080539339022012,-0.307019540824631,0.2509497404098511,false,1.7820007275214311,false
"SPY","2005-06-08",82.37210083007812,-0.18315558461818518,82.56994934082032,81.68318503243583,80.89273772701141,1.0808870648397801,-0.4896128020079268,0.06733454018831253,false,1.9618924782892242,false
"SPY","2005-06-09",82.76365661621094,0.4753500058721777,82.53147583007812,81.8101061866397,80.89895396078786,1.0412407474746082,-0.016590170618844702,0.5430046319961548,false,1.4958683284278,false
"SPY","2005-06-10",82.57132720947266,-0.2323838924011601,82.53834991455078,81.90693519228981,80.89379107567572,1.0111317371007853,-0.24893551013576473,0.3093588650226593,false,1.7247760637821634,false
"SPY","2005-06-13",82.83234405517578,0.3161107548156025,82.61253509521484,82.05839138939267,80.90387418193203,0.8870347597802083,0.06638833275974354,0.6264475584030151,false,1.4141175116006615,false
"SPY","2005-06-14",83.02466583251953,0.2321819810093045,82.7128189086914,82.22652980259487,80.92831642396989,0.6891763220847831,0.29872445551520865,0.8600839972496033,true,1.185218856643591,false
"SPY","2005-06-15",83.18269348144531,0.1903381932841025,82.87493743896485,82.36686379568917,80.95265800722184,0.5493850377207452,0.4896312355308366,1.052059292793274,true,0.9971365875176863,false
"SPY","2005-06-16",83.39563751220703,0.2559955945754725,83.00133361816407,82.49182237897601,80.98434583602413,0.45944443021654885,0.7468802644989335,1.3107481002807617,true,0.7436936186781593,false
"SPY","2005-06-17",83.70464324951172,0.3705298580629674,83.22799682617188,82.59191422235398,81.02589293449155,0.4843459240024887,1.120177536945849,1.686134696006775,true,0.37591936752490346,false
"SPY","2005-06-20",83.73221588134766,0.03294038510354483,83.40797119140625,82.67696271623883,81.08118032640026,0.5207330943002666,1.1534869128439074,1.719630479812622,true,0.3431028117087001,false
"SPY","2005-06-21",83.78050994873047,0.05767680560520144,83.55914001464843,82.7698734828404,81.13613928517988,0.5357893731887972,1.2118290128535112,1.77829909324646,true,0.28562389684523387,false
"SPY","2005-06-22",83.8494644165039,0.08230370979555296,83.69249420166015,82.84447624569847,81.19065906155494,0.5723989111245202,1.2951301028830213,1.862066388130188,true,0.2035552661128472,false
"SPY","2005-06-23",82.67005157470703,-1.4065836317551168,83.54737701416016,82.87207539876302,81.22427245109311,0.5476637596912521,-0.12967061690918116,0.4292912781238556,false,1.607275722813245,false
"SPY","2005-06-24",82.06311798095703,-0.734163801992464,83.21907196044921,82.87371753510975,81.25673897035661,0.5450537802379488,-0.8628824241704777,-0.30802422761917114,false,2.3296394882506015,false
"SPY","2005-06-27",82.18035125732422,0.14285744832945757,82.90869903564453,82.86000787644159,81.27281410463395,0.5591994995886519,-0.7212576676542733,-0.1656068116426468,false,2.190110103449334,false
"SPY","2005-06-28",82.87007904052734,0.8392855136910283,82.7266128540039,82.87260001046317,81.30245122601909,0.5561543117651024,0.11197443491574682,0.6722887754440308,false,1.3692058665904399,false
"SPY","2005-06-29",82.6493911743164,-0.26630584737708624,82.48659820556641,82.89987073625836,81.33440165365896,0.5285314384730807,-0.15462960692908753,0.40419259667396545,false,1.6318654386821656,false
"SPY","2005-06-30",82.2010498046875,-0.5424617934369369,82.3927978515625,82.87242598760696,81.35690504504788,0.5497472682021428,-0.6962525938270925,-0.1404617875814438,false,2.1654749855939497,false
"SPY","2005-07-01",82.44247436523438,0.2937000940018503,82.46866912841797,82.84797123500279,81.37709709905809,0.5572141503042334,0,0.15282577276229858,false,1.8781348936603754,false
"SPY","2005-07-05",83.10459899902344,0.8031353242210274,82.65351867675781,82.87500181652251,81.40342626264018,0.5551367538440384,0.8031353242210274,0.9571884870529175,false,1.0900835342068556,false
"SPY","2005-07-06",82.40798950195312,-0.8382321862578247,82.56110076904297,82.87245759509858,81.41142875917497,0.5572454319837075,-0.04182900082362413,0.1109328418970108,false,1.9191782894238616,false
"SPY","2005-07-07",82.73213195800781,0.3933386289529671,82.57764892578125,82.88240450904483,81.43839817662393,0.5525447831152829,0.3513450985109986,0.5047078132629395,false,1.5333885300416772,false
"SPY","2005-07-08",83.67704772949219,1.142138790722792,82.87284851074219,82.94454483758835,81.47961155060798,0.5655118443027014,1.497496737893188,1.6526110172271729,false,0.40876316453298517,false
"SPY","2005-07-11",84.10468292236328,0.5110543505950828,83.20529022216797,83.00840323311942,81.52096336118636,0.6173992614090661,2.016204110717293,2.1721112728118896,true,0,false
"SPY","2005-07-12",84.32540893554688,0.26244200146066193,83.44945220947265,83.09193093436105,81.58138619699785,0.6715873403802272,2.283937478599654,2.440253734588623,true,0,false
"SPY","2005-07-13",84.44266510009766,0.13905199634478455,83.85638732910157,83.16861288888114,81.66065252980879,0.7298700565406634,2.426165335603698,2.5826988220214844,true,0,false
"SPY","2005-07-14",84.77369689941406,0.39201960161253063,84.26470031738282,83.25190008254279,81.7632077124811,0.8082112355485447,2.8276959808993234,2.9848432540893555,true,0,false
"SPY","2005-07-15",84.72540283203125,-0.056968221452126266,84.47437133789063,83.32536243257069,81.86110625728485,0.8694020292749728,2.7691168713388055,2.9261746406555176,false,0.056968221452126266,false
"SPY","2005-07-18",84.3874740600586,-0.39885177370310365,84.53092956542969,83.37259274437314,81.94347209315146,0.8998193025036626,2.3592204258784553,2.5156517028808594,false,0.45559277639352097,false
"SPY","2005-07-19",84.849609375,0.5476349660762502,84.63576965332031,83.42711494082496,82.05112986410818,0.9540018360654301,2.919775307933629,3.0770633220672607,true,0,false
"SPY","2005-07-20",85.13927459716797,0.34138663018207765,84.77509155273438,83.4941177368164,82.13897323608398,1.023389400500652,3.2711296606483495,3.428954601287842,true,0,false
"SPY","2005-07-21",84.64268493652344,-0.5832674320918511,84.74888916015625,83.53517368861607,82.2236822805097,1.0523380160290083,2.66878279458444,2.8256871700286865,false,0.5832674320918511,false
"SPY","2005-07-22",85.2082290649414,0.6681547600269183,84.84545440673828,83.5998767671131,82.30909212173954,1.112670781824199,3.354769153888154,3.5127217769622803,true,0,false
"SPY","2005-07-25",84.96685791015625,-0.28327211753361914,84.96133117675781,83.70924849737258,82.40312896236297,1.1294596550680625,3.061993910733951,3.219499111175537,false,0.28327211753361914,false
"SPY","2005-07-26",85.07030487060547,0.12174977749395337,85.0054702758789,83.85244787307013,82.49384886218655,1.1005835665084291,3.187471659001101,3.3451685905456543,false,0.16186722321246538,false
"SPY","2005-07-27",85.38066864013672,0.3648320880045308,85.05374908447266,84.00484393891834,82.60564041137695,1.0788308389007784,3.5639326664137183,3.7222049236297607,true,0,false
"SPY","2005-07-28",85.91864776611328,0.6300947679902136,85.30894165039062,84.15001387823196,82.70893527615455,1.1227179689651867,4.216483587669699,4.375753402709961,true,0,false
"SPY","2005-07-29",85.34619140625,-0.6662771991263353,85.33653411865234,84.27843293689546,82.79579482540008,1.0964160795196842,3.522112919793816,3.680321455001831,false,0.6662771991263353,false
"SPY","2005-08-01",85.28413391113281,-0.07271267070582245,85.39998931884766,84.42524646577381,82.87943710819367,1.0071206408045172,0,3.6049325466156006,false,0.738505401886369,false
"SPY","2005-08-02",85.79448699951172,0.5984150450665312,85.54482574462891,84.58486611502511,82.9613395198699,0.9405909594046185,0.5984150450665312,4.224920272827148,false,0.14450968425335495,false
"SPY","2005-08-03",86.02210235595703,0.26530301002511725,85.67311248779296,84.72379484630767,83.04735614407447,0.9263735557515335,0.8653056682186532,4.501431941986084,true,0,false
"SPY","2005-08-04",85.3323745727539,-0.8018029835507285,85.5558578491211,84.86305127825055,83.12634831090128,0.7669268138430243,0.056564638003313905,3.663536310195923,false,0.8018029835507285,false
"SPY","2005-08-05",84.75302124023438,-0.6789373147299186,85.43722381591797,84.95928410121373,83.18790718816942,0.5933105567569879,-0.6227567151609511,2.959725856781006,false,1.4752965586347035,false
"SPY","2005-08-08",84.59437561035156,-0.18718581067821505,85.29927215576171,85.00296638125465,83.26042433707944,0.5238943335989897,-0.8087768136333391,2.7669999599456787,false,1.6597208234897303,false
"SPY","2005-08-09",85.1047592163086,0.6033304250721098,85.1613265991211,85.05058906191871,83.3340830649099,0.4819298574640635,-0.21032598514880801,3.3870246410369873,false,1.0664039991169914,false
"SPY","2005-08-10",85.06338500976562,-0.048615620235536984,84.9695831298828,85.08573077973865,83.42136727609942,0.45240863850866964,-0.2588393541021484,3.3367624282836914,false,1.1145011804341411,false
"SPY","2005-08-11",85.40138244628906,0.3973477383772513,84.98338470458984,85.13138398670014,83.51665152272871,0.4321924055780028,0.1374798919555477,3.747368574142456,false,0.7215818872915327,false
"SPY","2005-08-12",84.87718200683594,-0.61380790853451,85.00821685791016,85.13631184895833,83.5915144643476,0.428484197059034,-0.4771718790284301,3.1105589866638184,false,1.3309606691352946,false
"SPY","2005-08-15",85.40138244628906,0.6175987786810668,85.16961822509765,85.16850135439918,83.66618987052671,0.4214042533300276,0.1374798919555477,3.747368574142456,false,0.7215818872915327,false
"SPY","2005-08-16",84.29090118408203,-1.300308297591598,85.00684661865235,85.16390264601935,83.7095477196478,0.4307763461724922,-1.1646160680786684,2.3983330726623535,false,2.012507395728761,false
"SPY","2005-08-17",84.28402709960938,-0.00815519157594959,84.8509750366211,85.13697015671502,83.74725464851626,0.4675218383569824,-1.1726762829831419,2.389982223510742,false,2.020498463471109,false
"SPY","2005-08-18",84.27711486816406,-0.008201116727779772,84.6261215209961,85.09591493152436,83.78673418106571,0.5037600138852165,-1.1807812271601152,2.381585121154785,false,2.0285338767614163,false
"SPY","2005-08-19",84.47023010253906,0.22914314838268138,84.54473114013672,85.08770279657273,83.82201520858273,0.5128416366811875,-0.9543437580568602,2.616185426712036,false,1.8040389747699552,false
"SPY","2005-08-22",84.47023010253906,0,84.35850067138672,85.05255998883929,83.86039844635994,0.5291947409576137,-0.9543437580568602,2.616185426712036,false,1.8040389747699552,false
"SPY","2005-08-23",84.31161499023438,-0.18777634690013675,84.36264343261719,85.02135794503349,83.89722073462701,0.5532698800549383,-1.1403280731112484,2.4234964847564697,false,1.9884277631866143,false
"SPY","2005-08-24",83.5597915649414,-0.8917198720248103,84.2177963256836,84.94942874000186,83.91482617778163,0.638250799613542,-2.021879413101848,1.510165810585022,false,2.862416429706231,false
"SPY","2005-08-25",83.86327362060547,0.36319149435431614,84.13502807617188,84.87717183430989,83.93511052285471,0.6719897501913795,-1.6660312128020187,1.8788421154022217,false,2.5096209883576086,false
"SPY","2005-08-26",83.29082489013672,-0.6825976446596732,83.8991470336914,84.75203741164435,83.95469308668568,0.7118426054808306,-2.3372565676438106,1.1834195852279663,false,3.1750880192608677,false
"SPY","2005-08-29",83.93224334716797,0.7700949748994581,83.79154968261719,84.68470655168805,83.97331976121471,0.7196609930949394,-1.5851606881222848,1.9626280069351196,false,2.4294442376463725,false
"SPY","2005-08-30",83.49082946777344,-0.5259169322672768,83.627392578125,84.59931110200428,83.98194565311555,0.7507039427275144,-2.102740991927082,1.426389217376709,false,2.942584311307875,false
"SPY","2005-08-31",84.5461196899414,1.2639594418873266,83.824658203125,84.53986503964379,84.01435150638703,0.6989743046755739,-0.865359343345653,2.7083775997161865,false,1.7158179416588197,false
"SPY","2005-09-01",84.48403930664062,-0.07342783267694668,83.94881134033203,84.4666239420573,84.04697442823841,0.6109313053297627,0,2.6329610347747803,false,1.787985886408524,false
"SPY","2005-09-02",84.33228302001953,-0.17962716729284672,84.1571029663086,84.41900053478423,84.07615243234942,0.5781711147270586,-0.17962716729284672,2.4486045837402344,false,1.9644013453020193,false
"SPY","2005-09-06",85.31859588623047,1.1695555140808864,84.43437347412109,84.44593266078404,84.12367654615834,0.6069640267404927,0.9878275073481789,3.6467976570129395,false,0.8178205954737918,false
"SPY","2005-09-07",85.46345520019531,0.16978633140893323,84.82889862060547,84.48731740315755,84.16722168460969,0.6459665923693985,1.159291034842487,3.8227758407592773,true,0.6494228116514202,false
"SPY","2005-09-08",85.18062591552734,-0.33093593513794933,84.95579986572265,84.49093010312035,84.20930714761057,0.6497932358151484,0.8245185890774112,3.479188919067383,false,0.9782095733346318,false
"SPY","2005-09-09",85.93936920166016,0.8907463146434843,85.24686584472656,84.5326436360677,84.25942045642483,0.7133847416650088,1.7226092726666529,4.400926113128662,true,0.09617662441511549,false
"SPY","2005-09-12",85.76689147949219,-0.20069698412987289,85.53378753662109,84.550048828125,84.30364990234375,0.7396166120531857,1.5184550636781966,4.191396713256836,false,0.2966805849603493,false
"SPY","2005-09-13",85.29100799560547,-0.554856863385923,85.5282699584961,84.56975482759022,84.33765497515279,0.75413871976736,0.9551729481540241,3.613283395767212,false,0.8498912957582863,false
"SPY","2005-09-14",84.9806137084961,-0.36392381143551233,85.43170166015625,84.54971822102864,84.363219107351,0.7363176596833393,0.5877730349197886,3.2362101078033447,false,1.2107221503972163,false
"SPY","2005-09-15",84.93926239013672,-0.04865970784962786,85.38342895507813,84.58059256417411,84.38313231929656,0.7385125115373918,0.5388273184285499,3.1859755516052246,false,1.2587927243855903,false
"SPY","2005-09-16",85.54322814941406,0.7110560443805752,85.3042007446289,84.6405545189267,84.41234219458795,0.7639118611715078,1.253714727025585,3.9196856021881104,false,0.5566874017579817,false
"SPY","2005-09-19",85.25926971435547,-0.331947298695132,85.20267639160156,84.68732379731678,84.43619315854964,0.7705845856443864,0.9176057561607486,3.5747270584106445,false,0.886786791660802,false
"SPY","2005-09-20",84.53890991210938,-0.8449049641869073,85.05225677490235,84.69059426443917,84.44731324718845,0.7697624460379189,0.06494789538837432,2.6996190547943115,false,1.7241992502232133,false
"SPY","2005-09-21",83.749267578125,-0.9340578614099996,84.80598754882813,84.65626271565755,84.46471995692099,0.795721944935738,-0.8697166169443207,1.7403452396392822,false,2.6421520929901305,false
"SPY","2005-09-22",84.0470962524414,0.35561943755338343,84.62755432128907,84.64366658528645,84.49671960646107,0.8035060076255558,-0.517190060732423,2.102153778076172,false,2.295928661849144,false
"SPY","2005-09-23",84.1163558959961,0.08240575420554834,84.34217987060546,84.67016964867001,84.52794548772997,0.7746276179357419,-0.43521050089709734,2.1862916946411133,false,2.2154148849734137,false
"SPY","2005-09-26",84.2133560180664,0.11531660048403222,84.13299713134765,84.6868402390253,84.5496112454322,0.76002369509563,-0.32039577036764916,2.3041296005249023,false,2.10265302562135,false
"SPY","2005-09-27",84.19258880615234,-0.024660235497095357,84.06373291015625,84.72978137788319,84.57450152981666,0.7003364618940698,-0.3449769955132491,2.2789011001586914,false,2.1267947419306403,false
"SPY","2005-09-28",84.27566528320312,0.09867433491332489,84.16901245117188,84.74613480340867,84.60796306979272,0.6846152784273006,-0.2466430643558509,2.379824161529541,false,2.030219007583887,false
"SPY","2005-09-29",84.9614486694336,0.8137383240178958,84.35188293457031,84.816164289202,84.64859168760238,0.6221552642974242,0.5650882305238492,3.21292781829834,false,1.233001353692197,false
"SPY","2005-09-30",85.22462463378906,0.3097592713836941,84.5735366821289,84.84847404843285,84.68278564945344,0.6250414743838091,0.8765979150930889,3.532639503479004,false,0.9270614183178509,false
"SPY","2005-10-03",84.9198226928711,-0.35764538973061516,84.71483001708984,84.86922563825335,84.72329908801663,0.619547078273878,0,3.1623599529266357,false,1.281391215625881,false
"SPY","2005-10-04",83.96400451660156,-1.1255536645742088,84.66911315917969,84.85168856666202,84.74316800025201,0.6403682933001449,-1.1255536645742088,2.0012121200561523,false,2.392522134415081,false
"SPY","2005-10-05",82.86265563964844,-1.3116916984770106,84.38651123046876,84.7347390311105,84.73003264396421,0.7632974351385061,-2.422481569071096,0.6632707118988037,false,3.672831318670744,false
"SPY","2005-10-06",82.56483459472656,-0.35941527896116865,83.90718841552734,84.59670947846912,84.70519638061523,0.8783456663604456,-2.7731900791430046,0.3014715015888214,false,4.019045880702139,false
"SPY","2005-10-07",82.84882354736328,0.34395872532258087,83.4320281982422,84.48567127046131,84.68138048725743,0.9456492441329704,-2.4387699830674165,0.6464671492576599,false,3.688911014360951,false
"SPY","2005-10-10",82.14923858642578,-0.8444114605170694,82.87791137695312,84.30518886021206,84.64438973703692,1.0135748112952918,-3.2625881903518144,-0.20340313017368317,false,4.50217288750448,false
"SPY","2005-10-11",82.03146362304688,-0.14336707850919414,82.49140319824218,84.12731134323846,84.60016016806325,1.0704083621875076,-3.4012777914887153,-0.3464786112308502,false,4.6390853322754255,false
"SPY","2005-10-12",81.38729858398438,-0.7852658121798046,82.19633178710937,83.94142041887555,84.54631977696573,1.1904473341562305,-4.1598345319946946,-1.1290236711502075,false,5.387921993343023,false
"SPY","2005-10-13",81.33881378173828,-0.05957293470806356,81.95112762451171,83.76800137474423,84.49714783699282,1.2923888397122565,-4.216929331193049,-1.1879240274429321,false,5.444285184799871,false
"SPY","2005-10-14",82.19770812988281,1.055946488781184,81.82090454101562,83.637451171875,84.45437523626512,1.3065495839056838,-3.205511359618982,-0.1445213258266449,false,4.445827434266816,false
"SPY","2005-10-17",82.50249481201172,0.3707970563452993,81.89155578613281,83.49265434628441,84.41184653005293,1.2521439178472067,-2.8466002450359644,0.22573985159397125,false,4.09151537517797,false
"SPY","2005-10-18",81.60893249511719,-1.0830730863722142,81.80704956054687,83.31882876441593,84.3629150390625,1.248003284906429,-3.8988425702775884,-0.8597781658172607,false,5.13027435969685,false
"SPY","2005-10-19",82.96658325195312,1.6636055825349367,82.12290649414062,83.24395606631325,84.32675946143365,1.2179490657965315,-2.3000983503960386,0.7895240783691406,false,3.552016307809189,false
"SPY","2005-10-20",81.50504302978516,-1.761601074651417,82.15615234375,83.13708823067802,84.2709237375567,1.268791589307925,-4.021180867788839,-0.9859852194786072,false,5.251045025010446,false
"SPY","2005-10-21",81.82366943359375,0.3909284529696587,82.08134460449219,83.03121076311383,84.21855864986297,1.281760224806835,-3.6459723549767395,-0.5989112854003906,false,4.880644401121801,false
"SPY","2005-10-24",83.09123229980469,1.5491396010290923,82.19909210205078,82.9823953537714,84.18163225727696,1.257660651277021,-2.1533139555411647,0.940950334072113,false,3.407112795295895,false
"SPY","2005-10-25",82.92498016357422,-0.20008384955780653,82.4623016357422,82.9210441226051,84.1333472959457,1.2256262721065736,-2.349089371643659,0.7389838099479675,false,3.6003795624140973,false
"SPY","2005-10-26",82.68258666992188,-0.29230455427810637,82.40550231933594,82.84913925897507,84.09038592923072,1.1911056786522602,-2.634527430704388,0.44451916217803955,false,3.8821600432599688,false
"SPY","2005-10-27",81.80290985107422,-1.0639202935914722,82.46507568359375,82.73138900030227,84.03423715406849,1.164970099160109,-3.6704184523203622,-0.6241304278373718,false,4.904777248321499,false
"SPY","2005-10-28",82.98040008544922,1.4394234098990764,82.69642181396485,82.63705335344586,83.98884865545458,1.0498824584628035,-2.2838279048652406,0.8063091039657593,false,3.535954350338166,false
"SPY","2005-10-31",83.20899963378906,0.2754861968662997,82.71997528076172,82.54107121058873,83.94347603090348,0.8798635389025682,-2.0146333386370254,1.0840165615081787,false,3.270209219634541,false
"SPY","2005-11-01",83.45834350585938,0.2996597401335183,82.82664794921875,82.47147696358817,83.91324972337291,0.7267880106154252,0,1.3869246244430542,false,2.9803489799504024,false
"SPY","2005-11-02",84.3310775756836,1.0457121878568636,83.15634613037109,82.48895663306827,83.90644418039629,0.7677394047377141,1.0457121878568636,2.4471399784088135,true,1.9658026646175475,false
"SPY","2005-11-03",84.6912841796875,0.4271338803665066,83.73402099609375,82.57603418259393,83.9080072218372,0.9038760715540537,1.4773126592688288,2.8847265243530273,true,1.54706539345277,false
"SPY","2005-11-04",84.58045196533203,-0.13086613980290895,84.05403137207031,82.67201596214657,83.89955065327305,1.0040901784556175,1.3445132174159151,2.7500853538513184,false,1.6759069484950406,false
"SPY","2005-11-07",84.66356658935547,0.09826694241064668,84.34494476318359,82.75843229747954,83.8931019690729,1.094123650797891,1.4441013718556233,2.8510546684265137,false,1.5792868686003276,false
"SPY","2005-11-08",84.66356658935547,0,84.58598937988282,82.87816220238095,83.8812017133159,1.1597308029132893,1.4441013718556233,2.8510546684265137,false,1.5792868686003276,false
"SPY","2005-11-09",84.7744140625,0.13092700627907142,84.67465667724609,83.00877888997395,83.87954416582662,1.2128501192778147,1.5769190968285003,2.9857144355773926,true,1.4504275753388731,false
"SPY","2005-11-10",85.43243408203125,0.7762012003363706,84.82288665771485,83.20140438988095,83.88004499866116,1.2626523293530878,2.365360362122787,3.785090684890747,true,0.6854846112522925,false
"SPY","2005-11-11",85.72332000732422,0.3404865241386701,85.05146026611328,83.41019040062314,83.9031485280683,1.3011765664287072,2.713900619541803,4.13846492767334,true,0.3473320698399809,false
"SPY","2005-11-14",85.67485046386719,-0.05654184118497744,85.25371704101562,83.57576860700335,83.92558116297567,1.359118134943884,2.6558242889786063,4.079583168029785,false,0.4036775230776449,false
"SPY","2005-11-15",85.36317443847656,-0.3637894010939329,85.39363861083984,83.71199144635882,83.94309825281942,1.3891950036051903,2.282373280609691,3.7009527683258057,false,0.7659983881280228,false
"SPY","2005-11-16",85.53630065917969,0.2028113666601065,85.54601593017578,83.89900897798084,83.96029293921686,1.3558763884035343,2.489813559712487,3.9112701416015625,false,0.5647405532674731,false
"SPY","2005-11-17",86.33285522460938,0.9312473877068494,85.72610015869141,84.05930764334542,83.99033527989542,1.4367079822601894,3.4442472711529297,4.878941059112549,true,0,false
"SPY","2005-11-18",86.6722640991211,0.3931398696691888,85.91588897705078,84.30536578950428,84.02841026552262,1.4197611315355563,3.850927850055014,5.291262149810791,true,0,false
"SPY","2005-11-21",87.10867309570312,0.5035163222261511,86.20265350341796,84.5570326305571,84.08565029021233,1.4262553818625032,4.373834222563344,5.821420669555664,true,0,false
"SPY","2005-11-22",87.48271179199219,0.4293931740621509,86.62656097412109,84.76615070161365,84.14402832523469,1.5194864019030585,4.822008342221976,6.275810718536377,true,0,false
"SPY","2005-11-23",87.98832702636719,0.5779601752369111,87.1169662475586,85.00726245698475,84.21979448872227,1.6116522171188652,5.4278378053235325,6.890042304992676,true,0,false
"SPY","2005-11-25",88.05757141113281,0.07869723985645817,87.46190948486328,85.26321411132812,84.28633203814107,1.6503482714733144,5.510806603716666,6.9741621017456055,true,0,false
"SPY","2005-11-28",87.4341812133789,-0.707934806472636,87.61429290771484,85.5313698904855,84.34993448565083,1.5116600637701114,4.763858879178927,6.216854572296143,false,0.707934806472636,false
"SPY","2005-11-29",87.33723449707031,-0.11087965251484423,87.66000518798828,85.73883819580078,84.39495246641097,1.4413902654579593,4.647697076492552,6.099081993103027,false,0.8180295033340317,false
"SPY","2005-11-30",86.8662338256836,-0.5392896558941516,87.53670959472656,85.91299220493862,84.4333749586536,1.3376496870762309,4.083342871027581,5.526900291442871,false,1.3529076107345406,false
"SPY","2005-12-01",87.7528305053711,1.0206459295411072,87.48961029052734,86.11749158586774,84.48854507938508,1.2701893266308975,0,6.60395622253418,false,0.34607007765284725,false
"SPY","2005-12-02",87.86366271972656,0.1263004437773492,87.4508285522461,86.28570992606026,84.52959454444147,1.2556116340883632,0.1263004437773492,6.738597869873047,false,0.22020672191935423,false
"SPY","2005-12-05",87.67662048339844,-0.21287780470154646,87.49931640625,86.42786879766555,84.56529075868669,1.2348938859408385,-0.0868462265362388,6.5113749504089355,false,0.43261575538547353,false
"SPY","2005-12-06",87.84285736083984,0.18960228681816402,87.6004409790039,86.58322143554688,84.60822997554656,1.195442984591414,0.10259139785039723,6.71332311630249,false,0.24383371793265604,false
"SPY","2005-12-07",87.3302993774414,-0.5834942063564234,87.69325408935546,86.71020871117001,84.63066433322045,1.1206267929012168,-0.48150142336870333,6.090656757354736,false,0.825905168671799,false
"SPY","2005-12-08",87.27490234375,-0.06343392165871362,87.59766845703125,86.83455803280785,84.65498708909557,1.0227782084505037,-0.5446299097917316,6.023359298706055,false,0.8888151862928421,false
"SPY","2005-12-09",87.50345611572266,0.26187800368134545,87.52562713623047,86.96451241629464,84.69067173619425,0.9156987977228034,-0.2841781720456003,6.301011085510254,false,0.6292647940777769,false
"SPY","2005-12-12",87.58657836914062,0.0949931089670792,87.5076187133789,87.0670907156808,84.73270342426915,0.854073162345781,-0.18945501275915305,6.401989936828613,false,0.5348694433022275,false
"SPY","2005-12-13",88.18224334716797,0.6800870511425462,87.57549591064453,87.18418230329242,84.7850095687374,0.8288168003239481,0.48934357937387774,7.125616073608398,true,0,false
"SPY","2005-12-14",88.5285873413086,0.39275933679424596,87.81515350341797,87.32007453555153,84.83316052344537,0.802505059179365,0.8840248587651178,7.546361923217773,true,0,false
"SPY","2005-12-15",88.27232360839844,-0.2894700351674766,88.01463775634765,87.45860544840495,84.88175816689768,0.6911801724890316,0.5919958365280845,7.235047340393066,false,0.2894700351674766,false
"SPY","2005-12-16",87.98821258544922,-0.32185741955725267,88.11158905029296,87.57536315917969,84.93739208098381,0.5409967195019199,0.2682330344474962,6.889903545379639,false,0.6103957739391478,false
"SPY","2005-12-19",87.53559875488281,-0.5144028015421419,88.10139312744141,87.63263666062127,84.99846193867344,0.460565897418638,-0.2475495653385051,6.34005880355835,false,1.121658682519652,false
"SPY","2005-12-20",87.61914825439453,0.09544631064405473,87.98877410888672,87.67772638230096,85.05607568064043,0.40482037093608825,-0.15233953162158137,6.441556453704834,false,1.0272829537060808,false
"SPY","2005-12-21",87.75843048095703,0.15896322817257508,87.83474273681641,87.7086672101702,85.11481881910755,0.38341740516275286,0.006381532713745048,6.610759258270264,false,0.8699527276791835,false
"SPY","2005-12-22",88.21800994873047,0.5236869725845462,87.82388000488281,87.74368140811012,85.17941001153761,0.3951459496660661,0.5301019245537644,7.169065952301025,false,0.3508215841971371,false
"SPY","2005-12-23",88.2667465209961,0.05524560381032077,87.87958679199218,87.75693947928292,85.24512223274478,0.4082193502922366,0.585640386373115,7.228272438049316,false,0.29576979388930297,false
"SPY","2005-12-27",87.36849975585938,-1.0176502482994,87.8461669921875,87.72412654331752,85.2950066597231,0.41053356472070884,-0.43796963277235257,6.137063503265381,false,1.3104101401467938,false
"SPY","2005-12-28",87.56344604492188,0.2231310937091213,87.83502655029297,87.73028201148624,85.33697435932774,0.40692200714027477,-0.21581578549495004,6.37388801574707,false,1.0902029789154573,false
"SPY","2005-12-29",87.17354583740234,-0.4452773675895582,87.71804962158203,87.7224873134068,85.36840857228925,0.41628735947451423,-0.6601321742360136,5.900229454040527,false,1.5306259193791178,false
"SPY","2005-12-30",86.70001220703125,-0.5432079489508631,87.4144500732422,87.71457199823288,85.39712130638861,0.4345614412591395,-1.1997542327428445,5.324970722198486,false,2.0655193866672112,false
"SPY","2006-01-03",88.22496795654297,1.7588875833953423,87.40609436035156,87.73705473400298,85.46584652316186,0.4486255846423276,0,7.177518844604492,false,0.34296196729658224,false
"SPY","2006-01-04",88.64275360107422,0.47354581611980745,87.66094512939453,87.77415429978143,85.55907390963647,0.48993138429164745,0.47354581611980745,9.017176628112793,true,0,false
"SPY","2006-01-05",88.69847869873047,0.06286480890139529,87.88795166015625,87.82281421479725,85.65800365324944,0.5289515309324954,0.5367083186935669,9.843690872192383,true,0,false
"SPY","2006-01-06",89.43657684326172,0.8321429582104144,88.34055786132812,87.8987056187221,85.76425773866715,0.6355577442631982,1.3733174573841194,10.19742202758789,true,0,false
"SPY","2006-01-09",89.66635131835938,0.25691331579062754,88.93382568359375,88.00994618733723,85.88550149240801,0.728707583463889,1.633759008590844,10.639142036437988,true,0,false
"SPY","2006-01-10",89.75688934326172,0.10097213009246858,89.2402099609375,88.12813604445685,86.01010513305664,0.8012012884770748,1.7363807799548645,10.229697227478027,true,0,false
"SPY","2006-01-11",90.04241180419922,0.3181064573723832,89.5201416015625,88.24903869628906,86.14970373338268,0.8889806040769139,2.060010776712857,11.347627639770508,true,0,false
"SPY","2006-01-12",89.68727111816406,-0.3944148972902055,89.71790008544922,88.3490716843378,86.28435627106697,0.9280423085756566,1.6574708900335122,10.543646812438965,false,0.3944148972902055,false
"SPY","2006-01-13",89.60371398925781,-0.09316498078770004,89.75132751464844,88.41676076253255,86.40380797847625,0.966315893274479,1.5627617268095508,11.332650184631348,false,0.48721242151462135,false
"SPY","2006-01-17",89.3599624633789,-0.2720328377327401,89.69004974365234,88.45635005405971,86.51441229543379,0.9879154524699982,1.2864776640043696,10.447661399841309,false,0.7579198814713288,false
"SPY","2006-01-18",89.0048599243164,-0.39738438700444456,89.53964385986328,88.49123273577008,86.63370144751764,0.9940066231795484,0.8839810156208721,8.876152992248535,false,1.1522924132008037,false
"SPY","2006-01-19",89.3460464477539,0.383334711978224,89.40037078857422,88.55589149111793,86.73659601519185,1.003764531689519,1.2707043336792685,10.449051856994629,false,0.7733748380258699,false
"SPY","2006-01-20",87.71665954589844,-1.8236810319394163,89.0062484741211,88.56451343354725,86.83678337835497,0.995304390528437,-0.5761502921654889,9.099295616149902,false,2.582951979738416,false
"SPY","2006-01-23",88.02998352050781,0.35720007605331316,88.69150238037109,88.58407701764789,86.93688521846649,0.9797087856042558,-0.22100822539397222,10.16403579711914,false,2.2349782101211493,false
"SPY","2006-01-24",88.12051391601562,0.1028404094688058,88.44361267089843,88.601319085984,87.01800266388923,0.9675624416573377,-0.11839510168912132,10.494979858398438,false,2.134436261395171,false
"SPY","2006-01-25",88.1971206665039,0.08693407140282033,88.28206481933594,88.60032435825893,87.10303718813005,0.9679868609278164,-0.031563955968540856,10.278782844543457,false,2.0493577423358795,false
"SPY","2006-01-26",88.68453216552734,0.5526387883641534,88.14976196289062,88.62021891276042,87.19984276063981,0.9650771052251439,0.5209003977317882,10.557156562805176,false,1.508044499768218,false
"SPY","2006-01-27",89.50623321533203,0.9265438174393299,88.50767669677734,88.72201574416388,87.32408991167623,0.9388312517338665,1.452270585601319,11.391493797302246,false,0.5954733754057244,false
"SPY","2006-01-30",89.43657684326172,-0.07782292871462348,88.78899536132812,88.81121244884673,87.42822179486674,0.9118475504801804,1.3733174573841194,11.304805755615234,false,0.6728328892998913,false
"SPY","2006-01-31",88.78203582763672,-0.7318493604379427,88.92129974365234,88.88780721028645,87.51810947541267,0.8314149548883345,0.6314174819175284,9.807584762573242,false,1.3997581265406767,false
"SPY","2006-02-01",89.40174865722656,0.698016016205088,89.16222534179687,89.01646132696243,87.61397084882182,0.669145569452665,0,9.876673698425293,false,0.7115126462469747,false
"SPY","2006-02-02",88.36418914794922,-1.1605584061397163,89.09815673828125,89.02309090750558,87.67902103547127,0.6615583921453027,-1.1605584061397163,8.273677825927734,false,1.8638135325599245,false
"SPY","2006-02-03",87.92552947998047,-0.49642244465605506,88.78201599121094,88.98893737792969,87.73118628225019,0.6995955620804347,-1.651219578384351,8.016942977905273,false,2.3509835885138153,false
"SPY","2006-02-06",88.15536499023438,0.26139792573695775,88.52577362060546,88.96307482038226,87.78884616974861,0.720593830854732,-1.3941379063746526,7.155254364013672,false,2.095731085111649,false
"SPY","2006-02-07",87.37545013427734,-0.8847049252685054,88.2444564819336,88.86492592947823,87.83258622692478,0.7899101233392716,-2.266508824920426,6.348822593688965,false,2.9618949742497884,false
"SPY","2006-02-08",88.16923522949219,0.9084761154248318,87.99795379638672,88.79363468715123,87.88912926950762,0.7814771810263486,-1.3786234008239926,7.190016746520996,false,2.0803269672299844,false
"SPY","2006-02-09",88.02303314208984,-0.16581984296654062,87.92972259521484,88.71107010614304,87.9415263514365,0.7660595207701579,-1.542157212632187,7.8194499015808105,false,2.242697215286274,false
"SPY","2006-02-10",88.18318939208984,0.18194811549094225,87.98125457763672,88.6225357055664,87.98589337256647,0.7098776646980653,-1.3630150231275366,7.627755641937256,false,2.064829645114713,false
"SPY","2006-02-13",88.02303314208984,-0.18161766557103712,87.95478820800781,88.5432862781343,88.0229855199014,0.6772140686224829,-1.542157212632187,6.516077518463135,false,2.242697215286274,false
"SPY","2006-02-14",88.95612335205078,1.0600523256846999,88.2709228515625,88.51244862874348,88.07590927616242,0.6402474225198653,-0.49845256034570895,7.725464344024658,false,1.206418653590282,false
"SPY","2006-02-15",89.26947021484375,0.3522487839908155,88.49096984863282,88.50813947405133,88.138914046749,0.6345371256944954,-0.14795956943748226,7.703318119049072,false,0.8584194646365768,false
"SPY","2006-02-16",89.93793487548828,0.7488166548269475,88.8739501953125,88.55257161458333,88.20990814701203,0.700316801333295,0.5997491394911072,8.438140869140625,true,0.11603079772910427,false
"SPY","2006-02-17",89.69422149658203,-0.2709795140878554,89.17615661621093,88.56915137881325,88.26412373204386,0.7237700576345455,0.32714442809931266,9.025775909423828,false,0.3866958921250811,false
"SPY","2006-02-21",89.47140502929688,-0.2484178618949796,89.46583099365235,88.6527106875465,88.30927116640153,0.7217186408703644,0.07791388101074016,8.61047077178955,false,0.6341531323528079,false
"SPY","2006-02-22",90.01454162597656,0.607050483338046,89.6775146484375,88.74721345447358,88.356140013664,0.7647484579846575,0.6854373409400493,10.918986320495605,true,0.030952278669812903,false
"SPY","2006-02-23",89.88221740722656,-0.14700315788956217,89.80006408691406,88.8311040969122,88.39484171713552,0.7888122496321743,0.537426568513951,9.967761039733887,false,0.1779099357322917,false
"SPY","2006-02-24",90.11201477050781,0.25566499126308184,89.83488006591797,88.9222895304362,88.42909474526682,0.8218479791928724,0.7944655713664696,9.524596214294434,true,0,false
"SPY","2006-02-27",90.1468505859375,0.038658347078805624,89.92540588378907,88.99192374093192,88.46279279647335,0.8616807948263544,0.8334310457032756,8.493194580078125,true,0,false
"SPY","2006-02-28",89.29033660888672,-0.9501318920002221,89.88919219970703,88.98164295014881,88.49273078672347,0.8565101359561725,-0.12461954046000423,8.175020217895508,false,0.9501318920002221,false
"SPY","2006-03-01",90.08414459228516,0.8890189168795595,89.90311279296876,89.01247950962612,88.5370357882592,0.8848945847476785,0,8.596524238586426,false,0.06955982737585022,false
"SPY","2006-03-02",90.07720184326172,-0.007706960037040835,89.94210968017578,89.07415408179874,88.58882559499433,0.9127272064966295,-0.007706960037040835,8.641942024230957,false,0.07726142646479336,false
"SPY","2006-03-03",89.659423828125,-0.46379994780884826,89.85159149169922,89.086424328032,88.61957710020003,0.9190614724245265,-0.47147116296925967,8.093411445617676,false,0.5407030358180216,false
"SPY","2006-03-06",89.24859619140625,-0.4582090974689921,89.67194061279297,89.12853894914899,88.64191473684004,0.9044586610861673,-0.9275199366775837,6.274361610412598,false,0.9964345827866045,false
"SPY","2006-03-07",89.1092758178711,-0.15610371421009692,89.63572845458984,89.18490782238189,88.66502208094442,0.8616067035002906,-1.082175757816488,6.056597709655762,false,1.1509828256032977,false
"SPY","2006-03-08",89.29731750488281,0.21102369566559367,89.47836303710938,89.23928651355561,88.68848111552578,0.8287913440877986,-0.8734357094286356,6.680096626281738,false,0.9423879764327683,false
"SPY","2006-03-09",88.69847869873047,-0.6706123127602338,89.20261840820312,89.30228787376767,88.71054852393365,0.723641357489743,-1.5381906547773962,7.155960559844971,false,1.6066805193890719,false
"SPY","2006-03-10",89.54100799560547,0.949880211290545,89.17893524169922,89.36761038643974,88.74709861509261,0.676635339136407,-0.6029214121285023,7.932908535003662,false,0.6720618484108639,false
"SPY","2006-03-13",89.70816040039062,0.18667692996415655,89.27084808349609,89.44785454159691,88.78265836161953,0.6053747754973214,-0.41736999734660374,8.897871017456055,false,0.48663950287278107,false
"SPY","2006-03-14",90.64818572998047,1.04787047844284,89.57863006591796,89.56523531959171,88.83203912550404,0.5865852968538051,0.6261269841081637,9.357734680175781,true,0,false
"SPY","2006-03-15",91.05207061767578,0.4455520917962883,89.92958068847656,89.70947519938152,88.87832666212513,0.5602245021275493,1.074468797779447,10.759252548217773,true,0,false
"SPY","2006-03-16",91.24006652832031,0.20647076927434083,90.43789825439453,89.81823439825149,88.9220601973995,0.6246519365179158,1.2831580310461759,11.938302040100098,true,0,false
"SPY","2006-03-17",91.31627655029297,0.08352692503682159,90.79295196533204,89.91570136660621,88.97115621259135,0.6909158048520815,1.3677567385296934,11.806472778320312,true,0,false
"SPY","2006-03-20",91.16947174072266,-0.16076521636256041,91.08521423339843,89.97434597923642,89.02246684412802,0.743186242054485,1.204792645087122,11.95918083190918,false,0.16076521636256041,false
"SPY","2006-03-21",90.59620666503906,-0.628790608016141,91.07481842041015,90.01729765392486,89.07183148784023,0.7521972819951058,0.5684264140726042,11.669706344604492,false,0.7885449477972567,false
"SPY","2006-03-22",91.14849853515625,0.6096191997962714,91.09410400390625,90.09715924944196,89.12875649236864,0.7798620497781211,1.1815108504257756,13.503745079040527,false,0.1837328694017808,false
"SPY","2006-03-23",90.9597396850586,-0.20708936859212376,91.03803863525391,90.14216868082683,89.18039051178962,0.8018220763579287,0.9719746984736577,13.1719331741333,false,0.3904417467547642,false
"SPY","2006-03-24",91.02961730957031,0.07682258629330392,90.98070678710937,90.19680677141461,89.22573901760963,0.8220605667134969,1.0495439808684457,13.12349796295166,false,0.31391910790928607,false
"SPY","2006-03-27",90.89678955078125,-0.14591707920439403,90.9261703491211,90.2341769990467,89.26815906647712,0.8357371148489238,0.9020954377422029,12.794734954833984,false,0.45937812552035434,false
"SPY","2006-03-28",90.33750915527344,-0.6152916932180093,90.87443084716797,90.24325597853888,89.31604631485477,0.835776619365577,0.2812532262308672,12.851080894470215,false,1.0718433032915764,false
"SPY","2006-03-29",90.90380859375,0.6268707691543706,90.82549285888672,90.32008797781808,89.36992313015845,0.8177640033527033,0.9098870896477826,11.972990036010742,false,0.4516916064966793,false
"SPY","2006-03-30",90.74301147460938,-0.17688710916308126,90.78214721679687,90.35146259126209,89.42749515656502,0.8208922771230842,0.7313905075151753,11.983370780944824,false,0.6277797314346963,false
"SPY","2006-03-31",90.76397705078125,0.023104342506575656,90.72901916503906,90.38416617257255,89.4930429766255,0.8230969513181237,0.7546638329896679,12.514819145202637,false,0.6048204333074582,false
"SPY","2006-04-03",90.6940689086914,-0.07702190269905325,90.6884750366211,90.43343498593285,89.53286718553112,0.808380613635495,0,12.23702335357666,false,0.6813764918008653,false
"SPY","2006-04-04",91.27433776855469,0.6398090490873024,90.87584075927734,90.52989887055897,89.57531209145823,0.7803027601213292,0.6398090490873024,12.419879913330078,false,0.04592695116645851,false
"SPY","2006-04-05",91.58892822265625,0.34466473468070824,91.01286468505859,90.64797755650112,89.62193224506993,0.7412161345479618,0.9866789799295106,12.417411804199219,true,0,false
"SPY","2006-04-06",91.4910659790039,-0.10684942552710829,91.1624755859375,90.75244176955451,89.65506916661417,0.6944557029580486,0.8787752935805508,11.694562911987305,false,0.10684942552710829,false
"SPY","2006-04-07",90.56124114990234,-1.0163012302370005,91.12192840576172,90.84114474341983,89.66950287357453,0.514681225567915,-0.14645694077612756,11.721206665039062,false,1.1220647437379756,false
"SPY","2006-04-10",90.70106506347656,0.1543970817965866,91.12332763671876,90.8963855561756,89.68473151422316,0.42208527204140445,0.007714015777812118,11.808470726013184,false,0.9694000971615888,false
"SPY","2006-04-11",89.93206787109375,-0.847837003727172,90.85487365722656,90.90704781668526,89.68295177336663,0.3923494459422632,-0.8401883902295976,10.290786743164062,false,1.8090181681508577,false
"SPY","2006-04-12",90.09982299804688,0.18653538267749026,90.55705261230469,90.8809353056408,89.68960583594537,0.42714429380612684,-0.6552202561810339,11.815245628356934,false,1.6258572444360329,false
"SPY","2006-04-13",89.98101806640625,-0.131859228672625,90.25504302978516,90.8299328031994,89.69569138557681,0.4677062292031137,-0.7862155164777518,13.143604278564453,false,1.7555726302868266,false
"SPY","2006-04-17",89.94602966308594,-0.038884204771378515,90.13200073242187,90.768312000093,89.70514408234627,0.4953946827754519,-0.8247940075977588,14.704729080200195,false,1.793774194601734,false
"SPY","2006-04-18",91.37220001220703,1.5855845493827254,90.26622772216797,90.77097502208892,89.74332698698967,0.49862734040232043,0.747712735436262,16.167306900024414,false,0.23663145169942815,false
"SPY","2006-04-19",91.54698181152344,0.19128553246288912,90.5892105102539,90.78895169212704,89.77882594446982,0.5200569690159673,0.9404285341864232,15.471830368041992,false,0.045798560968896965,false
"SPY","2006-04-20",91.67279815673828,0.13743363541342515,90.90380554199218,90.84021795363654,89.84263463174143,0.5521786905987885,1.079154634722846,17.266389846801758,true,0,false
"SPY","2006-04-21",91.68680572509766,0.015279961603686899,91.24496307373047,90.86585162934803,89.90161563504127,0.5790466852047882,1.094599490740363,15.050032615661621,true,0,false
"SPY","2006-04-24",91.51901245117188,-0.18300700149689125,91.55955963134765,90.89248366582962,89.95643012754378,0.5961883424046167,0.9095892955370676,15.27670669555664,false,0.18300700149689125,false
"SPY","2006-04-25",91.14151763916016,-0.41247692900218247,91.51342315673828,90.89781225295295,90.00392040129631,0.5979726919080469,0.49336052054212115,14.051185607910156,false,0.5947290688394403,false
"SPY","2006-04-26",91.16246795654297,0.022986579470573705,91.43652038574218,90.91046360560826,90.04388710760301,0.6007539933148117,0.5164605067208258,15.196379661560059,false,0.57187919723891,false
"SPY","2006-04-27",91.6028823852539,0.4831093744860906,91.42253723144532,90.97071947370257,90.07770402969852,0.6038637268244282,1.0020649503304029,15.302547454833984,false,0.09153262476541645,false
"SPY","2006-04-28",91.91048431396484,0.33579939921241475,91.46727294921875,91.01865641276042,90.11760576309696,0.6373167167104498,1.3412292776257453,17.15865135192871,true,0,false
"SPY","2006-05-01",91.16246795654297,-0.8138531343896114,91.39596405029297,91.03863053094773,90.15599982969222,0.6348139610478043,0,14.649053573608398,false,0.8138531343896114,false
"SPY","2006-05-02",91.84757995605469,0.7515285784477783,91.53717651367188,91.09023066929409,90.19544872160881,0.6550887680769991,0.7515285784477783,14.865616798400879,false,0.06844089483336406,false
"SPY","2006-05-03",91.50501251220703,-0.3729738377555084,91.60568542480469,91.12884703136626,90.2461071629678,0.6544696335982992,0.3757517357114038,14.240874290466309,false,0.4411594659568182,false
"SPY","2006-05-04",91.83362579345703,0.3591205249069411,91.6518341064453,91.15547979445685,90.3091409744755,0.6718355524034806,0.7362216622239786,13.77299976348877,false,0.08362323523969795,false
"SPY","2006-05-05",92.64456176757812,0.8830490652138352,91.79864959716797,91.20574805850075,90.38154737411007,0.7417439890711057,1.6257719259439845,14.816740036010742,true,0,false
"SPY","2006-05-08",92.53269958496094,-0.12074338793659745,92.07269592285157,91.25534965878441,90.46472881686303,0.7947141074157543,1.50306552590388,15.040542602539062,false,0.12074338793659745,false
"SPY","2006-05-09",92.7144775390625,0.1964472612567183,92.24607543945312,91.35788472493489,90.53803917669481,0.8383882025593679,1.7024655182211303,14.5523042678833,true,0,false
"SPY","2006-05-10",92.66554260253906,-0.05278025376653847,92.47818145751953,91.45143127441406,90.61291836154076,0.8704218094030048,1.6487866988337871,15.689756393432617,false,0.05278025376653847,false
"SPY","2006-05-11",91.54698181152344,-1.2070946325899743,92.42085266113281,91.52833193824405,90.66717307798324,0.7977831574254134,0.4217896504993327,13.669416427612305,false,1.2592377787462294,false
"SPY","2006-05-12",90.35153198242188,-1.3058320497804612,91.96224670410156,91.54031808035714,90.70472951089182,0.7768642947637387,-0.8895502637200058,13.433183670043945,false,2.548626298028879,false
"SPY","2006-05-15",90.53325653076172,0.20113056674589505,91.56235809326172,91.56661515008835,90.73016714280651,0.7293352050784379,-0.6902088544610204,13.887249946594238,false,2.3526217978004444,false
"SPY","2006-05-16",90.40046691894531,-0.14667495338719702,91.09955596923828,91.58825501941499,90.74840902513073,0.684191758238045,-0.8358714443326624,12.668662071228027,false,2.4958460442623402,false
"SPY","2006-05-17",88.68065643310547,-1.9024354015581102,90.30257873535156,91.46008627755302,90.72813034057617,0.9334035906184084,-2.7224049316222727,9.792003631591797,false,4.350799587106016,false
"SPY","2006-05-18",88.2332534790039,-0.5045101965827826,89.63983306884765,91.30228969029018,90.70456634029266,1.16847869714358,-3.2131803177327485,8.12539005279541,false,4.8333595561389675,false
"SPY","2006-05-19",88.85545349121094,0.7051763226152493,89.34061737060547,91.16813042050316,90.69463163806546,1.2802071565164057,-2.530662581921084,8.431453704833984,false,4.162266940700471,false
"SPY","2006-05-22",88.17733001708984,-0.7631759756739858,88.86943206787109,91.00101252964565,90.66499919276083,1.4294749748603557,-3.2745251487444773,7.757538795471191,false,4.8936774950396105,false
"SPY","2006-05-23",87.50617980957031,-0.7611369128430789,88.29057464599609,90.80992526099796,90.62667600570187,1.6131755122835154,-4.010738441960132,6.348073959350586,false,5.617566822072448,false
"SPY","2006-05-24",88.20530700683594,0.7989460844788968,88.19550476074218,90.67010570707775,90.5959226546749,1.70748715591736,-3.243835995221966,7.4489006996154785,false,4.863502067761485,false
"SPY","2006-05-25",89.29589080810547,1.2364151753193384,88.4080322265625,90.58122108096168,90.58219749696794,1.7290226103836615,-2.0475281004100228,8.859416007995605,false,3.6872199700599197,false
"SPY","2006-05-26",89.75028228759766,0.5088604586169176,88.58699798583984,90.49300202869233,90.58961597565681,1.7215344402180641,-1.5490867026751618,8.830099105834961,false,3.1971223158928637,false
"SPY","2006-05-30",88.15635681152344,-1.77595594737698,88.58280334472656,90.3142340523856,90.55852262435421,1.7614362554828162,-3.2975315526259563,6.719532012939453,false,4.916298779355827,false
"SPY","2006-05-31",89.1420669555664,1.1181384754254282,88.90998077392578,90.21802448091053,90.54343980358493,1.767954279312368,-2.2162640462297323,8.608241081237793,false,3.8531313321492475,false
"SPY","2006-06-01",89.99496459960938,0.9567846844611564,89.26791229248047,90.12980470203217,90.5488517515121,1.7283534653212578,0,8.719259262084961,false,2.933212818146269,false
"SPY","2006-06-02",90.18373107910156,0.209752268176354,89.44548034667969,90.06688653855096,90.56393457228138,1.69959837834597,0.209752268176354,8.71269702911377,false,2.7296130303864166,false
"SPY","2006-06-05",88.86942291259766,-1.4573672554655184,89.2693084716797,89.92573402041481,90.56006597703502,1.6683350951364648,-1.250671848163163,7.6722798347473145,false,4.147199799346163,false
"SPY","2006-06-06",88.65269470214844,-0.24387264297009012,89.36857604980469,89.7356451125372,90.54966883505544,1.5674283863948337,-1.4914944446422547,7.508089065551758,false,4.380958556556338,false
"SPY","2006-06-07",87.9885482788086,-0.7491553703711035,89.13787231445312,89.51925695510138,90.53821834441155,1.4727893268556431,-2.229476204282534,6.62274169921875,false,5.097293740627267,false
"SPY","2006-06-08",87.91166687011719,-0.08737660774649078,88.7212127685547,89.2905516851516,90.51193864883915,1.316408964125698,-2.3149047713512076,6.725051403045654,false,5.180216506016324,false
"SPY","2006-06-09",87.63201141357422,-0.31810960535663424,88.21086883544922,89.05085972377232,90.47845237485824,1.1138300227875666,-2.6256504422753144,5.882237434387207,false,5.48184734508905,false
"SPY","2006-06-12",86.68128204345703,-1.0849110442418983,87.77324066162109,88.81915973481678,90.41447005733367,1.0739934058649194,-3.6820755148857818,4.977459907531738,false,6.507285222055596,false
"SPY","2006-06-13",85.67455291748047,-1.1614146702073997,87.1776123046875,88.59644644601005,90.3277359008789,1.2158947046928177,-4.800726019895183,3.431278944015503,false,7.593123327061804,false
"SPY","2006-06-14",86.33869934082031,0.7751968358440487,86.84764251708984,88.3967056274414,90.2486815914031,1.226302635117977,-4.062744260254904,3.9916253089904785,false,6.876788142990875,false
"SPY","2006-06-15",88.17031860351562,2.121434856766873,86.89937286376953,88.29050808861142,90.19794033419701,1.1374471101307102,-2.027497876366374,5.995988845825195,false,4.901239866915422,true
"SPY","2006-06-16",87.52784729003906,-0.7286707405080707,86.8785400390625,88.23561241513207,90.13920445596018,1.1454665009409888,-2.7413948330849403,4.954946994781494,false,5.594196706591163,false
"SPY","2006-06-19",86.83969116210938,-0.7862139298929174,86.91022186279297,88.16925230480376,90.07861549623551,1.18528443266842,-3.5060555349267792,3.7453691959381104,false,6.33642828271125,false
"SPY","2006-06-20",87.13460540771484,0.3396076628772584,87.20223236083984,88.08730715797061,90.01387528450259,1.1949182129139935,-3.1783547053108645,4.063417434692383,false,6.0183396158348,false
"SPY","2006-06-21",87.7806167602539,0.741394707092878,87.49061584472656,88.06841605050224,89.96259910829606,1.1965586329802242,-2.4605241517757985,4.774507522583008,false,5.3215645601085955,false
"SPY","2006-06-22",87.3943862915039,-0.4399951640860205,87.33542938232422,88.06309254964192,89.90396634994015,1.199430336361777,-2.889693128582837,4.227721691131592,false,5.738145097476423,false
"SPY","2006-06-23",87.38036346435547,-0.016045455255746487,87.3059326171875,88.02380952380952,89.84724980015909,1.2080180133025782,-2.9052749194206084,5.69772481918335,false,5.753269841228043,false
"SPY","2006-06-26",87.76656341552734,0.44197567492313666,87.49130706787109,87.95098440987724,89.80578293338898,1.1730891213807273,-2.4761398529309533,6.950071334838867,false,5.336722219515824,false
"SPY","2006-06-27",87.00820922851562,-0.8640581988169238,87.46602783203124,87.8204095023019,89.74295068556263,1.113913551125135,-3.318802762334454,5.874711036682129,false,6.154668032446937,false
"SPY","2006-06-28",87.59803771972656,0.6778998170871791,87.42951202392578,87.79382287888299,89.69222530241936,1.1121558520116588,-2.6634011031026246,5.70526647567749,false,5.5184906986940385,false
"SPY","2006-06-29",89.3675308227539,2.020014544947808,87.82414093017579,87.80455925351097,89.66970197616085,1.1268137983052526,-0.6971876478277899,8.128480911254883,false,3.609950468521442,true
"SPY","2006-06-30",89.37454986572266,0.007854131029614258,88.22297821044921,87.77501569475446,89.64841941095167,1.0733790664088587,-0.6893882748295582,8.726774215698242,false,3.6023798677317296,false
"SPY","2006-07-03",89.73973083496094,0.40859614933662136,88.61761169433593,87.75387282598587,89.6236676862163,1.0269289348481283,0,8.851330757141113,true,3.2085029038191375,false
"SPY","2006-07-05",89.22711181640625,-0.5712286116585727,89.06139221191407,87.77090563092914,89.58557387321225,1.0490841106982935,-0.5712286116585727,7.367237091064453,false,3.7614036288851995,false
"SPY","2006-07-06",89.48696899414062,0.29123118797015113,89.43917846679688,87.81063297816685,89.55324972829511,1.0987658399845237,-0.2816610195601803,8.590161323547363,false,3.481126821387803,false
"SPY","2006-07-07",88.90409851074219,-0.6513467714350705,89.34649200439453,87.85423060825893,89.52652162121188,1.1240512581444664,-0.9311732010379544,7.460180759429932,false,4.109799385662204,false
"SPY","2006-07-10",89.07262420654297,0.18955897267257985,89.28610687255859,87.90951429094586,89.50025644610005,1.1551369325297898,-0.7433793507190645,6.44809627532959,false,3.9280309064839893,false
"SPY","2006-07-11",89.46589660644531,0.441518820631598,89.23134002685546,87.99684215727306,89.49273755473476,1.201498968829224,-0.3051426898295802,6.374453067779541,false,3.503855081584744,false
"SPY","2006-07-12",88.51089477539062,-1.0674478961024432,89.08809661865234,88.08396657307942,89.46710968017578,1.1671791461181507,-1.369333346709327,4.9634928703308105,false,4.533901150336332,false
"SPY","2006-07-13",87.07139587402344,-1.626352219147854,88.6049819946289,88.15048290434338,89.42018028997606,1.057668557976476,-2.9734153825854426,3.1130361557006836,false,6.086516167511721,false
"SPY","2006-07-14",86.7343521118164,-0.38708896167769336,88.17103271484375,88.16932351248605,89.36837903914913,1.0268560749275584,-3.3489945815323208,2.3128108978271484,false,6.450044896954249,false
"SPY","2006-07-17",86.60792541503906,-0.14576311887861532,87.67809295654297,88.0949238368443,89.29153590048513,1.0819054823405323,-3.489876101457819,2.2219104766845703,false,6.586406229221993,false
"SPY","2006-07-18",87.05034637451172,0.5108319560277008,87.19498291015626,88.07218569800968,89.21900952246881,1.0992974628628878,-2.9968715477821384,3.1555302143096924,false,6.109219740966957,false
"SPY","2006-07-19",88.25813293457031,1.3874575005852392,87.1444305419922,88.13973054431733,89.16393427694997,1.0627516972317408,-1.6509943662695072,4.017135143280029,false,4.806525067904998,false
"SPY","2006-07-20",87.65421295166016,-0.6842655320590897,87.26099395751953,88.16447376069569,89.09889245802357,1.0440645916330291,-2.3239627129439775,2.953911066055298,false,5.457901205634633,false
"SPY","2006-07-21",87.0362777709961,-0.7049691735921964,87.32137908935547,88.1290290469215,89.02659028576267,1.070058749368411,-3.012548665804142,2.8278791904449463,false,6.124393858201989,false
"SPY","2006-07-24",88.62324523925781,1.823340231112869,87.72444305419921,88.1875461396717,88.98597298899004,1.061441353906444,-1.2441374464967336,4.007847785949707,false,4.412722164217523,false
"SPY","2006-07-25",88.93924713134766,0.3565677280681018,88.1022232055664,88.26177869524274,88.95011458858367,1.0566680071520123,-0.8920059110556499,4.675221920013428,false,4.071888779316328,false
"SPY","2006-07-26",89.05863189697266,0.13423181494744346,88.26232299804687,88.32330576578777,88.90907829038558,1.063982735057495,-0.7589714518320548,4.688271522521973,false,3.943122734580003,false
"SPY","2006-07-27",88.97432708740234,-0.0946621431012329,88.5263458251953,88.41693042573475,88.86172091576361,1.0283836334974086,-0.852915136291457,4.208983898162842,false,4.03405223319557,false
"SPY","2006-07-28",89.86609649658203,1.0022772167792555,89.0923095703125,88.52493322463263,88.84081169866747,1.0567875447289004,0.14081350639828755,4.59440279006958,true,3.0722074028626087,false
"SPY","2006-07-31",89.77482604980469,-0.10156271423318708,89.32262573242187,88.54432823544457,88.80738018405053,1.076576986578463,0.039107778145995455,5.189024448394775,false,3.1706498998705754,false
"SPY","2006-08-01",89.33245086669922,-0.4927608357158506,89.4012664794922,88.54232352120536,88.7723388671875,1.0749917462626992,0,4.7468581199646,false,3.6477870146422005,false
"SPY","2006-08-02",89.93633270263672,0.6759938074895147,89.576806640625,88.55168551490421,88.74173736572266,1.0867332199783828,0.6759938074895147,4.827636241912842,true,2.9964520214820736,false
"SPY","2006-08-03",90.17509460449219,0.2654788055956265,89.81696014404297,88.5968275524321,88.70190725018901,1.1348181426310637,0.9432672333711647,4.82781982421875,true,2.7389281609233236,false
"SPY","2006-08-04",90.02062225341797,-0.1713026770326488,89.84786529541016,88.62223961239769,88.6613898738738,1.1614112680823978,0.7703487143161794,5.4941020011901855,false,2.9055389806943097,false
"SPY","2006-08-07",89.80996704101562,-0.23400772748418258,89.85489349365234,88.66537620907738,88.61454293035692,1.1889007232156819,0.5345383113119218,5.966684818267822,false,3.1327475224386023,false
"SPY","2006-08-08",89.46589660644531,-0.38310940968631885,89.88158264160157,88.68410346621559,88.56293573687154,1.1986933647739,0.1493810350565886,5.758681774139404,false,3.503855081584744,false
"SPY","2006-08-09",89.16394805908203,-0.33750128128881707,89.72710571289062,88.66972496396019,88.52449970860636,1.1906305977586642,-0.18862440913954695,4.7696380615234375,false,3.8295308070787093,false
"SPY","2006-08-10",89.43780517578125,0.3071388410456599,89.57964782714843,88.71386355445499,88.50976217946699,1.2015787962257194,0.11793509308195255,5.142541885375977,false,3.5341539425713973,false
"SPY","2006-08-11",89.18497467041016,-0.2826886291252118,89.41251831054687,88.81451016380673,88.48801569784841,1.1442760404213064,-0.16508692514115017,4.43036413192749,false,3.8068519203651796,false
"SPY","2006-08-14",89.25524139404297,0.07878762526141708,89.30157318115235,88.93455251057942,88.4695443184145,1.0428788559630988,-0.0864293679476689,5.158111095428467,false,3.7310636233290366,false
"SPY","2006-08-15",90.32254028320312,1.1957828722329682,89.4729019165039,89.11143893287296,88.49602631599673,0.9383010616353545,1.108319996706802,5.762386798858643,true,2.579896170855952,false
"SPY","2006-08-16",91.07386016845703,0.8318188160985833,89.85488433837891,89.30303482782273,88.54184255292338,0.9066499735528025,1.9493580270805757,8.047082901000977,true,1.7695374165423552,false
"SPY","2006-08-17",91.30560302734375,0.25445595306718066,90.2284439086914,89.44815245128814,88.58136109382876,0.9725353798353882,2.208774237694256,8.330849647521973,true,1.5195841567733177,false
"SPY","2006-08-18",91.76904296875,0.5075701008923421,90.74525756835938,89.64409673781623,88.63929194788778,1.0069393659617059,2.7275554162133466,8.88963508605957,true,1.019727010718654,false
"SPY","2006-08-21",91.37580108642578,-0.4285125676401888,91.16936950683593,89.85074070521763,88.70170519428868,0.8826064130523428,2.287354930825333,8.175153732299805,false,1.4438699199622917,false
"SPY","2006-08-22",91.3687515258789,-0.007714909705915825,91.3786117553711,89.98147909981864,88.75272849298292,0.8949455362097515,2.2794635537518504,8.166808128356934,false,1.4514734364076116,false
"SPY","2006-08-23",91.1159896850586,-0.2766392629855748,91.38703765869141,90.08513350713821,88.78208492648217,0.894253545932624,1.9965183995911515,8.070507049560547,false,1.724097353976277,false
"SPY","2006-08-24",91.03876495361328,-0.08475431338916356,91.33367004394532,90.17942555745442,88.8028669049663,0.8849515428114068,1.9100719507407262,8.950445175170898,false,1.8073904204909172,false
"SPY","2006-08-25",91.151123046875,0.12341785756756284,91.21008605957032,90.2830825079055,88.85116958618164,0.8639756454899936,2.035847178187892,8.690155982971191,false,1.6862032054582057,false
"SPY","2006-08-28",91.58646392822266,0.4776034203372126,91.2522186279297,90.36500476655506,88.89059534380513,0.903135309006308,2.523173874280969,9.959847450256348,false,1.2166531493040973,false
"SPY","2006-08-29",91.69178771972656,0.11499929900825705,91.31682586669922,90.45628865559895,88.91796345864573,0.9367529583145526,2.6410748055574085,9.245010375976562,false,1.1030529928889017,false
"SPY","2006-08-30",91.74798583984375,0.06129024366824189,91.44322509765625,90.5713141305106,88.94319337414157,0.9401527610127118,2.7039837704094367,9.889896392822266,false,1.0424388130877913,false
"SPY","2006-08-31",91.73394012451172,-0.015309017635056968,91.58226013183594,90.65691448393322,88.98939526465631,0.9610506292165709,2.688260799422119,8.501656532287598,false,1.057588243581118,false
"SPY","2006-09-01",92.28166961669922,0.597084886405249,91.80836944580078,90.75722757975261,89.0479271181168,1.0165807400921478,0,9.229708671569824,true,0.46681805673869053,false
"SPY","2006-09-05",92.45720672607422,0.19021882688524194,91.98251800537109,90.87325541178386,89.12000225436303,1.0661462868609228,0.19021882688524194,9.634416580200195,true,0.2774872056846654,false
"SPY","2006-09-06",91.6426773071289,-0.8809799125324471,91.97269592285156,90.96052732921783,89.18017984205677,1.0496390297227627,-0.6924368753019191,7.412312984466553,false,1.156022511675183,false
"SPY","2006-09-07",91.22134399414062,-0.4597566607272239,91.86736755371093,91.04412006196522,89.23807230303365,0.9930308037835835,-1.149010011373611,6.737252712249756,false,1.6104642819054742,false
"SPY","2006-09-08",91.48112487792969,0.284780811611095,91.81680450439453,91.15446181524368,89.3154891229445,0.8978432112892537,-0.8675013597983985,7.396633625030518,false,1.3302697635470964,false
"SPY","2006-09-11",91.57244110107422,0.09981974234180167,91.67495880126953,91.25611114501953,89.41061635171214,0.8103474870577205,-0.7685475550787592,6.554704666137695,false,1.2317778930557184,false
"SPY","2006-09-12",92.47123718261719,0.9815137291697962,91.67776489257812,91.412599836077,89.50952825238627,0.7002115061679308,0.2054227743227402,7.816939353942871,true,0.2623542330191424,false
"SPY","2006-09-13",92.84341430664062,0.4024787981244828,91.91791229248047,91.58346521286737,89.584900763727,0.5738407075338013,0.6087283555603912,8.854867935180664,true,0,false
"SPY","2006-09-14",92.85037994384766,0.00750256467736671,92.24371948242188,91.70383853004093,89.67074806459489,0.5611024846028277,0.6162765904763432,9.260660171508789,true,0,false
"SPY","2006-09-15",93.06834411621094,0.23474774416119526,92.56116333007813,91.79881395612445,89.77121020901588,0.6153168192248568,0.8524710300314753,9.570464134216309,true,0,false
"SPY","2006-09-18",93.1953125,0.13642488753267368,92.88573760986328,91.88880012148903,89.86896354921403,0.6748777375977248,0.9900589002081179,8.945283889770508,true,0,false
"SPY","2006-09-19",92.96257019042969,-0.24973606861430128,92.98400421142578,91.94563475109283,89.95254344324911,0.7134425667793721,0.737850297419471,9.035146713256836,false,0.24973606861430128,false
"SPY","2006-09-20",93.45623016357422,0.5310308999990973,93.1065673828125,92.0447028023856,90.05031511860508,0.7723694052120027,1.272799410493601,10.548184394836426,true,0,false
"SPY","2006-09-21",93.0048599243164,-0.4829750124392883,93.13746337890625,92.12261272612072,90.14103280344317,0.7832181194338402,0.7836770949431539,11.051549911499023,false,0.4829750124392883,false
"SPY","2006-09-22",92.72272491455078,-0.3033551257377465,93.06833953857422,92.19912392752511,90.2209708921371,0.7580410246598654,0.47794464456866464,10.322341918945312,false,0.7848650087207677,false
"SPY","2006-09-25",93.43509674072266,0.7682818066750797,93.11629638671874,92.31323496500652,90.32463036814043,0.7549924450481824,1.2498984129939432,11.07839298248291,false,0.0226131771146484,false
"SPY","2006-09-26",94.21092224121094,0.8303362735751803,93.365966796875,92.45893968854632,90.43128979590631,0.8125625370980236,2.090613046475053,11.871710777282715,true,0,false
"SPY","2006-09-27",94.32376861572266,0.11978056453241688,93.53947448730469,92.58928753080822,90.51122911514774,0.8821771009711143,2.212897759116726,12.033339500427246,true,0,false
"SPY","2006-09-28",94.28846740722656,-0.037425570473028635,93.79619598388672,92.7129389444987,90.59048584968814,0.9307349777683326,2.174643999033363,11.881011962890625,false,0.037425570473028635,false
"SPY","2006-09-29",94.21092224121094,-0.08224247158532316,94.09383544921874,92.83022163027809,90.66260184011152,0.9578442369147879,2.090613046475053,10.88667106628418,false,0.11963726234418988,false
"SPY","2006-10-02",93.85826873779297,-0.3743233746455213,94.17846984863282,92.93138013567243,90.73729791948873,0.9484056476981824,0,10.130456924438477,false,0.49351280675197085,false
"SPY","2006-10-03",94.05574798583984,0.21040154554583002,94.14743499755859,93.01586005801246,90.81098790322581,0.9664799727074462,0.21040154554583002,10.758295059204102,false,0.2841496197790136,false
"SPY","2006-10-04",95.15596771240234,1.16975277973244,94.31387481689453,93.14437248593285,90.91182450325259,1.0630807507723519,1.3826155032058924,13.329477310180664,true,0,false
"SPY","2006-10-05",95.33931732177734,0.19268324812706702,94.52404479980468,93.32040296282086,91.0129001986596,1.1071311297888342,1.5779628197936448,15.057038307189941,true,0,false
"SPY","2006-10-06",95.21946716308594,-0.12570905903060223,94.72575378417969,93.5107897803897,91.10569972376669,1.071307451371865,1.4502701185504274,15.326903343200684,false,0.12570905903060223,false
"SPY","2006-10-09",95.27587127685547,0.05923590569239987,95.00927429199218,93.69149198986236,91.21481224798387,1.0311218919582485,1.5103651048825368,14.999667167663574,false,0.06654761823785652,false
"SPY","2006-10-10",95.40283203125,0.1332559363593799,95.27869110107422,93.87389155796596,91.34919025051978,0.9747792965118222,1.6456336924048733,16.133556365966797,true,0,false
"SPY","2006-10-11",95.28995513916016,-0.11831608107070656,95.30548858642578,94.00811622256325,91.48718384773501,0.9660059222165792,1.525370562040534,16.162691116333008,false,0.11831608107070656,false
"SPY","2006-10-12",96.11512756347656,0.8659595055022701,95.46065063476563,94.16391209193638,91.6405258178711,1.030451252164439,2.4045391589189276,18.095979690551758,true,0,false
"SPY","2006-10-13",96.36196899414062,0.25681850185450045,95.68915100097657,94.3311306181408,91.79071327947801,1.0898504566541398,2.6675329622178685,18.4698486328125,true,0,false
"SPY","2006-10-16",96.5101089477539,0.1537328005639746,95.93599853515624,94.49502418154762,91.92380966678742,1.1477088931040427,2.8253666359106275,17.41216468811035,true,0,false
"SPY","2006-10-17",96.20679473876953,-0.31428231953253233,96.09679107666015,94.63842809767951,92.06175453432145,1.165198774999817,2.5022046885794573,16.61077117919922,false,0.31428231953253233,false
"SPY","2006-10-18",96.33380126953125,0.13201409641239975,96.30556030273438,94.79896291097005,92.21171459074944,1.1549535536098718,2.6375220479018737,18.0432071685791,false,0.18268312008444737,false
"SPY","2006-10-19",96.48892974853516,0.161032240978298,96.3803207397461,94.94337717692058,92.33858046993133,1.1681918895594945,2.802801549740205,16.298545837402344,false,0.021945057828310438,false
"SPY","2006-10-20",96.5101089477539,0.021949874741015594,96.40994873046876,95.11029379708427,92.46069114438949,1.1270572478787795,2.8253666359106275,18.409984588623047,true,0,false
"SPY","2006-10-23",96.95443725585938,0.46039561342326063,96.49881439208984,95.31180390857514,92.58804284372637,1.0548177070453462,3.2987701133887453,18.491920471191406,true,0,false
"SPY","2006-10-24",97.24360656738281,0.298252787296707,96.7061767578125,95.49316151936848,92.72141831920993,1.043358456566806,3.6068615744951447,17.032331466674805,true,0,false
"SPY","2006-10-25",97.57505798339844,0.3408464861758835,96.95442810058594,95.65335845947266,92.84575640770697,1.093690277141717,3.960001921608923,17.666664123535156,true,0,false
"SPY","2006-10-26",97.87833404541016,0.31081309945346747,97.23230895996093,95.82262347993397,92.97645814957157,1.1511779198176653,4.28312322577336,18.3784122467041,true,0,false
"SPY","2006-10-27",97.26473999023438,-0.626894665872743,97.38323516845703,95.96435074579148,93.10439829672536,1.1359678309647208,3.6293778888654873,18.901321411132812,false,0.626894665872743,false
"SPY","2006-10-30",97.19420623779297,-0.07251728884330336,97.43118896484376,96.10641188848587,93.22146077309885,1.0913909138509448,3.5542286735753006,17.129112243652344,false,0.6989573477004521,false
"SPY","2006-10-31",97.18009185791016,-0.014521832554793033,97.41848602294922,96.26459394182477,93.33444459976688,0.9847809600488632,3.5391907018839164,16.790361404418945,false,0.7133776788395827,false
"SPY","2006-11-01",96.52423095703125,-0.6748922421660802,97.20832061767578,96.38214074997674,93.4393415143413,0.8454028452060115,0,15.655579566955566,false,1.3834553903938303,false
"SPY","2006-11-02",96.46778869628906,-0.058474706488273756,96.92621154785157,96.44460841587612,93.54672573458764,0.7973709385016555,-0.058474706488273756,14.391741752624512,false,1.4411211254031748,false
"SPY","2006-11-03",96.29851531982422,-0.17547139698388814,96.73296661376953,96.4902845110212,93.65692926222279,0.7573595791411897,-0.2338434970878047,13.705343246459961,false,1.6140637670160882,false
"SPY","2006-11-06",97.38465881347656,1.1278922525908848,96.77105712890625,96.59338887532552,93.78952137116462,0.7222727530063369,0.8914112528162392,15.138494491577148,false,0.5043764146052544,false
"SPY","2006-11-07",97.75843048095703,0.38380959797411585,96.88672485351563,96.71160598028274,93.92372500511908,0.6986253270991324,1.278642172736085,15.466940879821777,false,0.12250266172031121,false
"SPY","2006-11-08",97.97000885009766,0.21642979342005667,97.1758804321289,96.83385249546596,94.06541910479146,0.6825835870578701,1.4978393287691762,15.716845512390137,true,0,false
"SPY","2006-11-09",97.45516967773438,-0.5255069162553904,97.37335662841797,96.93695794968377,94.19767601259294,0.5957171154210223,0.9644611632467105,14.958234786987305,false,0.5255069162553904,false
"SPY","2006-11-10",97.49747467041016,0.04340969577671023,97.61314849853515,97.0027840023949,94.31340076077369,0.5764267945327208,1.0082895286802707,14.122318267822266,false,0.4823253414323122,false
"SPY","2006-11-13",97.73728942871094,0.24597022549709532,97.68367462158203,97.06827545166016,94.42087542626166,0.5781063746026703,1.2567398462047243,14.014820098876953,false,0.23754149266516758,false
"SPY","2006-11-14",98.47077178955078,0.7504631703284977,97.82614288330078,97.16164034888858,94.53644266436177,0.6386128973844258,2.0166343862258316,14.935446739196777,true,0,false
"SPY","2006-11-15",98.75287628173828,0.2864855094163439,97.9827163696289,97.28288232712518,94.6490851371519,0.6880457232598025,2.30889726093662,15.685571670532227,true,0,false
"SPY","2006-11-16",99.00680541992188,0.2571359414981933,98.29304351806641,97.41016823904855,94.77216585220829,0.7483000250921678,2.571970207144948,15.748290061950684,true,0,false
"SPY","2006-11-17",99.03500366210938,0.02848111507880854,98.60054931640624,97.53140985398065,94.895815080212,0.7962969996700381,2.6011838480182465,14.712994575500488,true,0,false
"SPY","2006-11-20",99.09138488769531,0.05693060382801688,98.87136840820312,97.65432775588263,95.02445048670614,0.8293057269685352,2.659595321517617,14.328829765319824,true,0,false
"SPY","2006-11-21",99.19015502929688,0.09967581108438751,99.01524505615234,97.7607905069987,95.15592452018491,0.8770934332360797,2.7619221058102896,13.869436264038086,true,0,false
"SPY","2006-11-22",99.38764953613281,0.1991069645748667,99.14219970703125,97.86288779122489,95.28877172162456,0.9366468897461301,2.9665282496539573,13.608331680297852,true,0,false
"SPY","2006-11-24",98.98564147949219,-0.40448492193637525,99.13796691894531,97.93005843389602,95.40811329503214,0.9651198880888369,2.550044168242749,12.498605728149414,false,0.40448492193637525,false
"SPY","2006-11-27",97.6244125366211,-1.375178179911187,98.85584869384766,97.91796693347749,95.50380079207882,0.9673882797982265,1.1397983373517897,10.864302635192871,false,1.7741007134600626,false
"SPY","2006-11-28",98.04759216308594,0.43347725785914426,98.64709014892578,97.95524560837518,95.6054073456795,0.9559737247159843,1.5782163617888108,12.13874340057373,false,1.3483137787252846,false
"SPY","2006-11-29",99.07023620605469,1.0430078091747026,98.62310638427735,98.0445803687686,95.72373470183342,0.9688690228451674,2.6376850908626435,13.434134483337402,false,0.31936898755486515,false
"SPY","2006-11-30",99.11257934570312,0.042740525580628116,98.5680923461914,98.13660358247303,95.83391066520444,0.9744124226639248,2.681552976914268,14.097935676574707,false,0.2767649619580595,false
"SPY","2006-12-01",98.89396667480469,-0.22057005512480907,98.54975738525391,98.24944814046223,95.93772937405494,0.9136748048283999,0,12.69604206085205,false,0.49672455645371155,false
"SPY","2006-12-04",99.64856719970703,0.7630400016046621,98.9545883178711,98.40091378348214,96.06685663038685,0.8659525993139209,0.7630400016046621,13.41271686553955,true,0,false
"SPY","2006-12-05",100.07881927490234,0.4317694546807066,99.36083374023437,98.58092825753349,96.20971913491526,0.7972532908395628,1.1981040299392929,14.14538860321045,true,0,false
"SPY","2006-12-06",99.99417877197266,-0.08457384244031899,99.54562225341797,98.70519111269996,96.34702645578692,0.804804517513784,1.112516904884422,13.83302116394043,false,0.08457384244031899,false
"SPY","2006-12-07",99.55686950683594,-0.43733472338820994,99.63448028564453,98.79083106631325,96.47580755910566,0.7946442092747883,0.6703167587675886,14.000375747680664,false,0.5215386950486338,false
"SPY","2006-12-08",99.74026489257812,0.18421168388545495,99.80373992919922,98.87512897309803,96.59304994152438,0.7971083674020606,0.8557632444417357,14.282872200012207,false,0.3382877463754421,false
"SPY","2006-12-11",100.02946472167969,0.2899529386783115,99.87991943359376,98.99771445138114,96.70895398047662,0.7651232063663878,1.148197493795435,14.314872741699219,false,0.049315682958934876,false
"SPY","2006-12-12",99.95185089111328,-0.07759096860345867,99.85452575683594,99.11458950950986,96.82349383446478,0.709967323197348,1.0697156276350597,14.11777114868164,false,0.1268683870463123,false
"SPY","2006-12-13",100.0576171875,0.10581724644793189,99.86721343994141,99.22508130754743,96.93622404529202,0.6639668855802195,1.1766648177049783,13.466854095458984,false,0.021185389232165716,false
"SPY","2006-12-14",100.93922424316406,0.8810993909759025,100.14368438720703,99.3426266624814,97.06112584760112,0.7381120693339319,2.068131795223507,14.018790245056152,true,0,false
"SPY","2006-12-15",100.94850158691406,0.009191019466972268,100.38533172607421,99.44718024844215,97.18993119270571,0.8030459762734954,2.0775128970863808,14.360308647155762,true,0,false
"SPY","2006-12-18",100.67185974121094,-0.27404254778853104,100.51381072998046,99.52646854945591,97.30631231492565,0.8387951878249175,1.7977770800240391,14.415165901184082,false,0.27404254778853104,false
"SPY","2006-12-19",100.86335754394531,0.19021979252856064,100.69611206054688,99.61353302001953,97.43306227653257,0.879150076145472,1.9914166003843474,15.225529670715332,false,0.08434403842581376,false
"SPY","2006-12-20",100.80661010742188,-0.056261696918737926,100.84591064453124,99.69521041143508,97.56344752157888,0.9074358454042126,1.9340344986935118,15.05088996887207,false,0.1405582819572835,false
"SPY","2006-12-21",100.43785095214844,-0.3658085068831093,100.74563598632812,99.75462450299945,97.67639517015026,0.9135398071340023,1.5611511290881275,14.448094367980957,false,0.5058526146878644,false
"SPY","2006-12-22",99.82084655761719,-0.6143146121527522,100.52010498046874,99.77525293259393,97.76687782041488,0.9097218845427808,0.9372461374315993,13.152458190917969,false,1.1170597003126321,false
"SPY","2006-12-26",100.40950775146484,0.5897176933957152,100.46763458251954,99.84305608840216,97.86503490324944,0.9009475136217497,1.5324909371304165,13.756892204284668,false,0.5339295056154537,false